AATF,BAX,repressor
AATF,MYC,activator
ABL1,BAX,activator
ABL1,BCL2,repressor
ABL1,BCL6,repressor
ABL1,CCND2,activator
ABL1,CDKN1A,activator
ABL1,CSF1,activator
ABL1,FOXO3,activator
ABL1,JUN,activator
ABL1,JUN,repressor
ABL1,PIM1,activator
ABL1,TP53,activator
AHR,CCNG2,activator
AHR,CYP1B1,activator
AHR,PCNA,activator
AHR,RFC3,activator
AIP,AHR,activator
AIP,NFKB2,repressor
AIP,RSF1,repressor
APC,AKT1,repressor
APC,DNMT1,repressor
APC,MYC,repressor
APC,ODC1,repressor
APC,PTGS2,repressor
APC,SGK1,repressor
APEX1,NFKB1,activator
APEX1,RELA,activator
ARID3A,PML,activator
ARNT,CDK2,repressor
ARNT,CYP1B1,activator
ARNT,FOS,repressor
ARNT,HIF1A,activator
ARNT,JUN,repressor
ATF1,FTH1,activator
ATF1,FTH1,repressor
ATF1,MAP1LC3B,activator
ATF1,SLC20A1,activator
ATF2,ATF3,activator
ATF2,KAT5,repressor
ATF2,JUN,activator
ATF2,POLB,activator
ATF2,RELA,activator
ATF2,RETN,activator
ATF2,ST3GAL5,activator
ATF2,TNF,activator
ATF3,ADIPOR1,repressor
ATF3,ADIPOR2,repressor
ATF3,DDIT3,activator
ATF3,GDF15,activator
ATF3,ID1,repressor
ATF3,LDLR,repressor
ATF4,ATF3,activator
ATF4,ATG5,activator
ATF4,CEBPB,activator
ATF4,DDIT3,activator
ATF4,DDIT4,activator
ATF4,HSPA5,repressor
ATF4,IRF7,repressor
ATF4,MAP1LC3B,activator
ATF4,NDC80,activator
ATF4,SIGMAR1,activator
ATF4,SIRT1,activator
ATF4,SIRT1,repressor
ATF4,SIRT2,repressor
ATF4,TRIB3,activator
ATF4,VEGFA,activator
ATF5,BCL2,activator
ATF5,CCND3,activator
ATF5,CREB1,activator
ATF5,ID1,repressor
ATF6,DNAJC3,activator
ATF6,MAFA,repressor
ATF6,NUCB1,activator
ATF6,RTN3,activator
ATF6,STARD4,activator
ATF6,WBP1,activator
ATF7,TAF12,activator
ATM,BAX,activator
ATM,BCL2,repressor
ATM,CFLAR,activator
ATM,CFLAR,repressor
ATM,DUSP1,activator
ATM,FAS,activator
ATM,FOXM1,activator
ATM,GADD45A,activator
ATM,MCL1,activator
ATM,PMAIP1,repressor
ATM,PVR,activator
ATM,PVR,repressor
ATM,SLC2A1,repressor
ATM,SP1,repressor
ATM,TERF1,repressor
ATM,TNFRSF10B,repressor
ATM,VEGFA,repressor
ATRX,HBA1,repressor
BACH1,HMOX1,activator
BACH1,HMOX1,repressor
BCL11A,GATA1,activator
BCL3,CTCF,repressor
BCL3,NFKB1,repressor
BCL6,BCL2L1,repressor
BCL6,BCL6,repressor
BCL6,CCND2,repressor
BCL6,CDKN1A,repressor
BCL6,FCER2,repressor
BCL6,HDAC7,repressor
BCL6,IRF4,repressor
BCL6,LITAF,repressor
BCL6,MYC,activator
BCL6,NFKB1,repressor
BCL6,PDCD2,repressor
BCL6,SUMO1,repressor
BCL6,XBP1,repressor
BRCA1,ASPM,activator
BRCA1,ATM,activator
BRCA1,CDKN1A,activator
BRCA1,CDKN1B,activator
BRCA1,CTSD,repressor
BRCA1,CXCL1,repressor
BRCA1,DDB2,activator
BRCA1,DDIT3,activator
BRCA1,E2F6,repressor
BRCA1,EP300,activator
BRCA1,GADD45A,activator
BRCA1,GADD45A,repressor
BRCA1,HNRNPA2B1,repressor
BRCA1,HSPA5,repressor
BRCA1,IRF7,activator
BRCA1,IRF9,activator
BRCA1,KHSRP,repressor
BRCA1,MDM2,activator
BRCA1,RNASEL,activator
BRCA1,SIRT1,activator
BRCA1,STAT1,activator
BRCA1,STAT2,activator
BRCA1,VEGFA,activator
BRD7,BRD2,activator
BRD7,BRD3,activator
BRD7,E2F3,repressor
BTAF1,DR1,repressor
BTAF1,TBP,repressor
BTF3,ABL2,activator
BTF3,ATM,activator
BTF3,NFKB1,repressor
BTG2,SPHK1,activator
CBFA2T3,ZNF652,repressor
CBX7,CDH1,activator
CBX8,CDKN1A,repressor
CEBPA,BCL2,repressor
CEBPA,CSF3R,activator
CEBPA,ELANE,activator
CEBPA,HSD17B11,activator
CEBPA,HSPA4,activator
CEBPA,INSR,activator
CEBPA,ITGAX,activator
CEBPA,MYC,repressor
CEBPA,S100A9,activator
CEBPA,SOCS3,activator
CEBPB,ADM,activator
CEBPB,CDKN1A,activator
CEBPB,CSF3R,activator
CEBPB,CSRP1,activator
CEBPB,CXCL8,activator
CEBPB,FURIN,activator
CEBPB,GDF15,activator
CEBPB,GFER,repressor
CEBPB,IL1B,activator
CEBPB,INSR,activator
CEBPB,IRF4,activator
CEBPB,OXTR,activator
CEBPB,PCK2,activator
CEBPB,PRDM1,activator
CEBPB,PTGS2,activator
CEBPB,PTGS2,repressor
CEBPB,S100A9,activator
CEBPB,SLC19A1,activator
CEBPB,TNFAIP6,activator
CEBPB,XBP1,activator
CEBPD,CXCL1,activator
CEBPD,DDIT3,activator
CEBPD,DDIT3,repressor
CEBPD,SOD1,activator
CEBPD,TNFAIP6,activator
CEBPE,GATA1,repressor
CEBPE,MYC,repressor
CEBPE,SPI1,repressor
CEBPZ,APC,activator
CEBPZ,MLH1,repressor
CHD4,CD79A,repressor
CIITA,HLA-A,activator
CIITA,HLA-B,activator
CIITA,HLA-C,activator
CIITA,HLA-DMA,activator
CIITA,HLA-DMB,activator
CIITA,HLA-DOA,activator
CIITA,HLA-DRA,activator
CIITA,MMP9,repressor
CIITA,PSMC5,activator
CIITA,S100A4,repressor
CIITA,SIRT1,repressor
CLOCK,BHLHE40,activator
CLOCK,CRY1,activator
CLOCK,CRY2,activator
CLOCK,NAMPT,activator
CLOCK,NR3C1,repressor
CLOCK,PER1,activator
CLOCK,PER2,activator
COPS5,CDKN1B,repressor
COPS5,VEGFA,activator
CREB1,ACACA,activator
CREB1,BCL2,activator
CREB1,CASP8,activator
CREB1,ETV3,activator
CREB1,HMOX1,repressor
CREB1,JUN,repressor
CREB1,LYL1,activator
CREB1,NDC80,activator
CREB1,NOLC1,activator
CREB1,PPP2CA,activator
CREB1,PSEN1,activator
CREB1,PTGS2,activator
CREB1,SLC20A1,activator
CREB1,UXT,activator
CREB3,CXCR4,activator
CREB3L1,SLC1A4,repressor
CREB5,ATP6V0E1,activator
CREB5,DGKG,activator
CREB5,DGKG,repressor
CREB5,LGALS3BP,repressor
CREB5,LY96,repressor
CREB5,MAPKAPK3,activator
CREB5,MX1,activator
CREB5,RASGRP3,repressor
CREB5,RDX,repressor
CREB5,STAT1,repressor
CREB5,TGFBR3,activator
CREBBP,ALOX15,activator
CREBBP,CDKN1A,activator
CREBBP,CREB1,activator
CREBBP,HINFP,activator
CREBBP,IRF1,activator
CREBBP,PSMC5,activator
CREG1,HSPA4,repressor
CREM,CCL4,repressor
CREM,CCNA2,repressor
CREM,CD247,repressor
CREM,CREB1,repressor
CREM,DUSP1,repressor
CREM,FOS,repressor
CREM,G6PD,repressor
CTBP1,BRCA1,repressor
CTCF,APP,activator
CTCF,APP,repressor
CTCF,BCL6,repressor
CTCF,MYC,activator
CTCF,MYC,repressor
CTNNB1,JUN,activator
CTNNB1,MYC,activator
CTNNB1,PLD1,activator
CTNNB1,RB1,repressor
CTNNB1,STARD7,activator
CTNNB1,VIM,activator
CUX1,CYBB,activator
DACH1,FOS,repressor
DDB2,BCL2,repressor
DDB2,SOD2,repressor
DDIT3,ATF2,repressor
DDIT3,ATF5,repressor
DDIT3,ATG5,activator
DDIT3,CEBPA,repressor
DDIT3,MAP1LC3B,activator
DDIT3,RTN3,activator
DDIT3,SIRT1,repressor
DDIT3,SIRT2,repressor
DDIT3,TNFRSF10B,activator
DDIT3,TNFRSF10B,repressor
DDIT3,TRIB3,activator
DEK,BCL2,activator
DEK,PRDX5,repressor
DENND4A,ERBB2,repressor
DNMT1,BIRC5,repressor
DNMT1,CASP8,repressor
DNMT1,CDH1,repressor
DNMT1,CXCR4,repressor
DNMT1,IL32,repressor
DNMT1,MBD2,repressor
DNMT1,MSH2,activator
DNMT1,RB1,repressor
DNMT1,RELN,repressor
DNMT1,TNFRSF10B,repressor
DNMT1,VEGFA,activator
DR1,PTGS2,activator
DR1,TBP,repressor
E2F1,APAF1,activator
E2F1,ASF1B,activator
E2F1,ATG5,activator
E2F1,ATM,activator
E2F1,AURKA,activator
E2F1,BBC3,activator
E2F1,BCL2,activator
E2F1,BIRC5,activator
E2F1,BIRC5,repressor
E2F1,BRCA1,repressor
E2F1,CASP7,activator
E2F1,CD2AP,activator
E2F1,CDK1,activator
E2F1,CDKN1A,activator
E2F1,CTNNBIP1,activator
E2F1,DAPK2,activator
E2F1,DBF4,activator
E2F1,DHFR,activator
E2F1,DNMT1,repressor
E2F1,DRAM1,activator
E2F1,DROSHA,activator
E2F1,DUSP1,activator
E2F1,E2F6,activator
E2F1,ERCC1,activator
E2F1,ERCC5,activator
E2F1,FANCA,activator
E2F1,FHIT,repressor
E2F1,FOXM1,activator
E2F1,HIC1,activator
E2F1,HMGA1,activator
E2F1,HSPA5,repressor
E2F1,IRF3,repressor
E2F1,ISYNA1,activator
E2F1,KIF2C,activator
E2F1,KIF2C,repressor
E2F1,LRBA,activator
E2F1,MAP1LC3A,activator
E2F1,MAP3K5,activator
E2F1,MCL1,repressor
E2F1,MCPH1,activator
E2F1,MDM2,repressor
E2F1,MEFV,activator
E2F1,MYBL2,activator
E2F1,MYC,activator
E2F1,NPAT,activator
E2F1,NRIP1,activator
E2F1,PCNA,activator
E2F1,PCSK6,activator
E2F1,PDK4,repressor
E2F1,PLK1,activator
E2F1,PNRC2,repressor
E2F1,RASGEF1B,activator
E2F1,RASGRP1,activator
E2F1,RB1,activator
E2F1,RBM38,activator
E2F1,RRM1,activator
E2F1,RRM2,activator
E2F1,SIVA1,activator
E2F1,SIVA1,activator
E2F1,SKP2,activator
E2F1,THBS1,activator
E2F1,TOP2A,activator
E2F1,TP53,activator
E2F1,TP53,repressor
E2F1,TP53BP2,activator
E2F1,TP53INP1,activator
E2F1,UHRF1,activator
E2F1,ULK1,activator
E2F1,VEGFA,repressor
E2F1,XRCC1,activator
E2F3,AURKA,activator
E2F3,CDKN1A,activator
E2F4,BRCA1,activator
E2F4,BRCA1,repressor
E2F4,HCFC1,activator
E2F4,MCM10,repressor
E2F4,PLK1,repressor
E2F4,RAD51,repressor
E2F4,TOPBP1,repressor
E2F6,APAF1,repressor
E2F6,E2F1,repressor
E4F1,CCNA2,repressor
EAF1,ELL,activator
EGR1,ALOX5,activator
EGR1,ALOX5,repressor
EGR1,ATF3,activator
EGR1,CDK5R1,activator
EGR1,CDKN1A,activator
EGR1,CXCL8,repressor
EGR1,EAPP,activator
EGR1,EP300,activator
EGR1,FAS,repressor
EGR1,FCER2,repressor
EGR1,GDF15,activator
EGR1,HIF1A,activator
EGR1,HPSE,activator
EGR1,IGF2,activator
EGR1,LDLR,activator
EGR1,LMTK2,activator
EGR1,MYB,repressor
EGR1,NAB2,activator
EGR1,PDGFC,activator
EGR1,PLAUR,activator
EGR1,PTEN,activator
EGR1,PTGS2,repressor
EGR1,RBL2,activator
EGR1,SLC4A2,activator
EGR1,SOD1,activator
EGR1,STIM1,activator
EGR1,TCF4,activator
EGR1,TMPO,activator
EGR1,TNF,activator
EGR1,TNFSF10,repressor
EGR1,TP53,activator
EGR1,UBE2S,activator
EGR1,VEGFA,activator
EGR1,VEGFA,repressor
EGR3,CAT,activator
EGR3,NAB2,activator
EHMT2,RUNX3,activator
EHMT2,SIAH1,repressor
ELF1,FCER1A,repressor
ELF1,FLI1,activator
ELF1,MEIS1,activator
ELF2,VCP,activator
ELF3,MMP9,repressor
ELF4,CXCL8,activator
ELF4,CXCL8,repressor
ELF4,HBD,activator
ELF4,MMP9,repressor
ELF4,TP53,repressor
ELK1,EIF2AK1,activator
ELK1,EZH2,activator
ELK1,FOSL1,activator
ELK1,PSEN1,activator
ELK1,TNFRSF10B,activator
ELK4,FOS,activator
ELL,BAX,repressor
ELL,CDKN1A,repressor
ELL,E2F1,repressor
ELL,MDM2,repressor
ENO1,MYC,repressor
EP300,ALOX15,activator
EP300,BIRC5,activator
EP300,BIRC5,repressor
EP300,BRCA1,activator
EP300,CDKN1A,activator
EP300,CYBB,repressor
EP300,DNMT1,activator
EP300,EIF2AK1,activator
EP300,HINFP,activator
EP300,MMP9,activator
EP300,MYC,repressor
EP300,PCNA,repressor
EP300,PTGS2,activator
EP300,TBXAS1,activator
EP300,THBD,repressor
EP300,TRIM22,activator
EP300,VEGFA,activator
ERCC2,BAX,activator
ERCC2,BCL2,repressor
ERCC2,CDKN1A,activator
ERCC2,LAMTOR5,repressor
ERCC2,TP53,activator
ERF,ETS2,repressor
ERF,UTRN,repressor
ESRRA,NRIP1,activator
ETS1,ANPEP,activator
ETS1,BAX,repressor
ETS1,CASP1,activator
ETS1,CD8A,activator
ETS1,CHUK,activator
ETS1,CSF3R,activator
ETS1,ECE1,activator
ETS1,EGR1,activator
ETS1,FLI1,activator
ETS1,GP6,activator
ETS1,IL2RB,activator
ETS1,CIP2A,activator
ETS1,LCK,activator
ETS1,MDM2,repressor
ETS1,MMP9,activator
ETS1,MYB,activator
ETS1,NDRG1,repressor
ETS1,NKX3-1,activator
ETS1,PARP1,activator
ETS1,PARP1,repressor
ETS1,RHOC,activator
ETS1,TBXA2R,activator
ETS1,TBXAS1,repressor
ETS1,TGFBR2,activator
ETS1,TMEM158,activator
ETS1,TNFSF14,activator
ETS2,ANPEP,activator
ETS2,CHRNE,activator
ETS2,CSF3R,activator
ETS2,CXCL8,activator
ETS2,FLI1,activator
ETS2,ICAM1,activator
ETS2,LCK,activator
ETS2,MDM2,activator
ETS2,MMP9,activator
ETV3,NFKB1,repressor
ETV3,RELA,repressor
ETV6,BBC3,activator
ETV6,CDKN1A,activator
EWSR1,TGFBR2,repressor
EZH2,ADRB2,repressor
EZH2,ALDH1A1,repressor
EZH2,APC,repressor
EZH2,CDH1,repressor
EZH2,CDKN1A,repressor
EZH2,CIITA,repressor
EZH2,HDAC1,repressor
EZH2,KPNB1,activator
EZH2,MST1,repressor
EZH2,MYC,repressor
EZH2,PCNA,activator
EZH2,PEBP1,repressor
EZH2,PIP5K1C,repressor
EZH2,RPLP0,activator
EZH2,RUNX3,repressor
EZH2,SATB1,repressor
EZH2,TP53,repressor
FHL2,CDKN1A,activator
FHL2,CDKN1B,activator
FLI1,EYA3,activator
FLI1,FLI1,activator
FLI1,FOXM1,activator
FLI1,GATA1,activator
FLI1,GP6,activator
FLI1,GP9,activator
FLI1,ID2,activator
FLI1,TGFBR2,activator
FLI1,TGFBR2,repressor
FOS,CASP9,activator
FOS,CLU,repressor
FOS,CREM,activator
FOS,DDIT3,activator
FOS,EZR,activator
FOS,FAS,activator
FOS,FOS,repressor
FOS,HSPH1,activator
FOS,MMP9,activator
FOS,MMP9,repressor
FOS,MYC,repressor
FOS,NFKB1,repressor
FOS,PTGS2,activator
FOS,SMAD7,activator
FOS,SPI1,repressor
FOSB,CXCL8,activator
FOSB,TIMP1,repressor
FOSL1,ITGAV,repressor
FOSL1,ITGB3,repressor
FOSL2,BCL6,activator
FOSL2,BRCA1,activator
FOSL2,FOSL1,activator
FOSL2,MDM2,activator
FOSL2,MYB,activator
FOSL2,TIMP1,repressor
FOXM1,BTG2,activator
FOXM1,CCNB1,activator
FOXM1,CDC25B,activator
FOXM1,MYC,activator
FOXO1,ADIPOR1,activator
FOXO1,CDKN1B,activator
FOXO1,CXCR4,activator
FOXO1,EGR1,repressor
FOXO1,TNFSF10,activator
FOXO1,TXNIP,repressor
FOXO3,BCL6,activator
FOXO3,CCND2,repressor
FOXO3,FOXM1,repressor
FOXO3,SIRT1,activator
FOXO3,SIRT6,activator
FOXO3,TNFSF10,activator
FOXO3,TXNIP,activator
FOXO4,BCL6,activator
FOXO4,CREB1,activator
FOXO4,HIF1A,repressor
FOXO4,SOD2,activator
FOXO4,TNFSF10,activator
FUS,DDIT3,activator
FUS,MDM2,repressor
GABPA,TOMM70,activator
GATA1,AGGF1,activator
GATA1,BACH1,activator
GATA1,BST2,activator
GATA1,CBFB,repressor
GATA1,CDA,activator
GATA1,CEBPA,repressor
GATA1,CYBB,activator
GATA1,DACH1,repressor
GATA1,DICER1,activator
GATA1,EPOR,activator
GATA1,FCER1A,activator
GATA1,GATA1,activator
GATA1,GP6,activator
GATA1,GP9,activator
GATA1,GYPB,activator
GATA1,HEMGN,repressor
GATA1,SPI1,repressor
GATA1,TBXA2R,activator
GATA2,CYBB,repressor
GATA2,FCER1A,activator
GATA2,GATA1,activator
GATA2,MS4A2,activator
GATA2,SPI1,repressor
GFI1,BAX,repressor
GFI1B,MEF2C,repressor
GLI1,BCL2,activator
GLI1,BCL2,repressor
GLI1,CDK2,activator
GLI1,EGR2,repressor
GLI1,FAS,repressor
GLI1,SOCS1,activator
GLI1,TNFRSF10B,repressor
GTF2I,HSPA5,activator
GTF2I,SIRT1,activator
GTF3A,BAG3,activator
HAX1,ATP2A2,repressor
HBP1,CDKN1A,repressor
HBP1,DNMT1,repressor
HBP1,NCF1,repressor
HCFC1,E2F1,activator
HCFC1,E2F4,repressor
HDAC1,BCL2A1,activator
HDAC1,BIRC3,activator
HDAC1,CCND2,repressor
HDAC1,CD1D,repressor
HDAC1,CD44,repressor
HDAC1,CD82,repressor
HDAC1,CDH1,repressor
HDAC1,CDKN1A,repressor
HDAC1,E2F1,repressor
HDAC1,EGR1,repressor
HDAC1,EIF2AK1,repressor
HDAC1,FOS,repressor
HDAC1,HLA-DRA,repressor
HDAC1,HSPA5,repressor
HDAC1,ICAM1,activator
HDAC1,KLF4,repressor
HDAC1,MMP9,repressor
HDAC1,PCNA,repressor
HDAC1,PTGS2,activator
HDAC1,RELN,repressor
HDAC1,RHOB,repressor
HDAC1,RUNX3,activator
HDAC1,RUNX3,repressor
HDAC1,SP1,repressor
HDAC1,TP53,repressor
HDAC1,TXNIP,repressor
HDAC2,ALOX5,activator
HDAC2,APAF1,repressor
HDAC2,CD1D,repressor
HDAC2,CDH1,repressor
HDAC2,CXCL8,repressor
HDAC2,DNMT1,repressor
HDAC2,KLF4,repressor
HDAC2,SP1,repressor
HDAC2,TGFBR2,repressor
HDAC2,TNFSF10,repressor
HDAC3,ALOX5,activator
HDAC3,CDH1,repressor
HDAC3,CXCR4,repressor
HDAC3,GATA2,repressor
HDAC3,JUN,repressor
HDAC3,MYC,repressor
HDAC4,CDKN1A,repressor
HDAC4,JUN,activator
HDAC4,JUN,repressor
HDAC4,MEF2A,repressor
HDAC4,PTGS2,activator
HDAC4,RUNX2,repressor
HDAC4,TGIF1,activator
HDAC4,TGIF2,activator
HDAC4,VEGFA,repressor
HDAC5,MEF2A,repressor
HDAC5,SLC2A1,activator
HDAC5,SLC2A4,repressor
HDAC5,YY1,activator
HDAC7,ACTN4,repressor
HDAC7,CDKN1A,activator
HDAC7,HDC,repressor
HDAC7,HIF1A,activator
HDAC7,HIF1A,repressor
HDAC7,MEF2A,repressor
HDAC7,MEF2C,repressor
HDAC7,MEF2D,repressor
HDAC9,CFLAR,activator
HDAC9,CFLAR,repressor
HDAC9,CITED2,repressor
HDAC9,HSPA5,repressor
HDAC9,MEF2A,repressor
HDAC9,NFKB1,repressor
HDAC9,RELA,repressor
HDAC9,STAT6,repressor
HDAC9,TNFRSF10B,repressor
HDAC9,TP53,repressor
HDGF,CDH1,repressor
HDGF,FAS,activator
HDGF,VEGFA,activator
HDGF,VEGFB,activator
HDGF,VIM,activator
HIC1,E2F1,repressor
HIC1,MYC,repressor
HIC1,SIRT1,repressor
HIC1,STAT3,activator
HIC1,VEGFA,repressor
HIF1A,ALAS2,activator
HIF1A,ALDOA,activator
HIF1A,APEX1,repressor
HIF1A,BAX,activator
HIF1A,BID,repressor
HIF1A,BNIP3,activator
HIF1A,CCR7,activator
HIF1A,CDH1,repressor
HIF1A,CXCR4,activator
HIF1A,E2F3,activator
HIF1A,ENO1,activator
HIF1A,HIF1A,repressor
HIF1A,ITGB2,activator
HIF1A,LDHA,activator
HIF1A,MICA,activator
HIF1A,NR4A1,activator
HIF1A,PGK1,activator
HIF1A,RORA,activator
HIF1A,SDHB,repressor
HIF1A,SETD2,activator
HIF1A,SLC29A1,repressor
HIF1A,SLC2A1,activator
HIF1A,SOCS1,activator
HIF1A,TIMP2,activator
HIF1A,VEGFA,activator
HIF1A,VEGFA,repressor
HIF1A,VIM,activator
HIF1A,XPC,activator
HIF1A,ZNF217,activator
HINFP,MBD2,repressor
HIPK2,CDKN1A,activator
HIPK2,HIF1A,repressor
HIPK2,MEF2C,repressor
HIPK2,VEGFA,repressor
HIPK2,VIM,repressor
HIRA,PLB1,repressor
HMGA1,BRCA1,repressor
HMGA1,CD44,activator
HMGA1,CDH1,repressor
HMGA1,INSR,activator
HMGA1,INSR,repressor
HMGA1,PTGS2,activator
HMGA1,SLC2A3,activator
HMGB2,GFI1B,activator
HMGB2,TNF,activator
HOPX,FOS,repressor
HSF1,ATG7,activator
HSF1,BAG3,repressor
HSF1,CDKN1A,repressor
HSF1,HSPA4,activator
HSF1,IL1B,repressor
HSF1,LDHA,activator
HSF1,MICA,activator
HSF1,MICB,activator
HSF1,NAT1,activator
HSF1,POLK,activator
HTATIP2,VEGFA,repressor
ID1,ZNF148,repressor
IFI16,ICAM1,repressor
IFI16,MYC,repressor
IKBKB,CD44,repressor
IKBKB,MMP9,repressor
IKZF1,FGFR4,activator
ILF3,BIRC5,activator
ILF3,HLA-DRA,repressor
ING1,BAX,activator
ING1,CASP3,activator
ING1,CDKN1A,activator
ING1,TP53,activator
ING2,BCL2,repressor
ING4,ANGPT1,repressor
ING4,ARL6IP5,activator
ING4,BAX,activator
ING4,BCL2,repressor
ING4,CASP3,activator
ING4,CDKN1A,activator
ING4,CDKN1B,activator
ING4,CXCL8,repressor
ING4,PTGS2,repressor
ING4,SKP2,repressor
ING4,TP53,activator
IRF1,BCL2,repressor
IRF1,CASP7,activator
IRF1,CCNB1,repressor
IRF1,CD40,activator
IRF1,CDK1,repressor
IRF1,CDK2,repressor
IRF1,CDK4,repressor
IRF1,CDKN1A,repressor
IRF1,CEACAM1,activator
IRF1,CIITA,activator
IRF1,CYBB,activator
IRF1,DST,repressor
IRF1,E2F1,repressor
IRF1,EIF2AK2,activator
IRF1,HLA-A,activator
IRF1,IFIT3,activator
IRF1,IRF2,activator
IRF1,MYB,repressor
IRF1,NCF2,activator
IRF1,PSMB9,activator
IRF1,SOCS1,activator
IRF1,SOCS2,activator
IRF1,TAP1,activator
IRF1,TNFSF10,activator
IRF2,CIITA,activator
IRF2,CXCR4,repressor
IRF2,DST,repressor
IRF2,IFNGR1,repressor
IRF2,TAP1,activator
IRF3,MAVS,activator
IRF3,PURA,repressor
IRF3,SOCS2,activator
IRF4,BCL6,repressor
IRF4,FCER2,activator
IRF4,IRF3,repressor
IRF5,PDLIM7,repressor
IRF7,ATF4,activator
IRF8,CYBB,activator
IRF8,IL1B,activator
IRF8,NCF2,activator
IRF8,NF1,activator
IRF9,CCND2,repressor
IRF9,CDKN1A,activator
IRF9,CDKN1B,activator
IRF9,NCAM1,activator
IRF9,PML,activator
IRF9,SP100,activator
JDP2,ATF3,repressor
JDP2,DDIT3,repressor
JUN,ATF3,activator
JUN,BECN1,activator
JUN,BRCA1,activator
JUN,CD82,activator
JUN,CDKN1A,repressor
JUN,CREM,activator
JUN,CSF1,activator
JUN,CTSL,activator
JUN,CXCL8,activator
JUN,DDIT3,activator
JUN,ETS1,activator
JUN,EZR,activator
JUN,FAS,activator
JUN,FOSL1,activator
JUN,JUN,activator
JUN,LDHA,activator
JUN,LGALS3,activator
JUN,MAPK8,activator
JUN,MAT2A,activator
JUN,MEF2D,activator
JUN,MMP9,activator
JUN,MMP9,repressor
JUN,MYC,repressor
JUN,NAMPT,activator
JUN,PLAUR,activator
JUN,PPARD,activator
JUN,PTGS2,activator
JUN,RARA,repressor
JUN,RARG,repressor
JUN,RHOB,activator
JUN,SMAD7,activator
JUN,SPI1,activator
JUN,STMN1,activator
JUN,TNF,activator
JUN,TNFRSF1B,activator
JUN,TP53,repressor
JUN,VDR,activator
JUN,VEGFA,repressor
JUNB,CD82,activator
JUNB,PTGS2,activator
JUND,BCL6,activator
JUND,BCL6,repressor
JUND,FOSL1,activator
JUND,GADD45A,activator
JUND,ITGAV,repressor
JUND,ITGB3,repressor
JUND,MDM2,activator
JUND,MDM2,repressor
JUND,MYB,activator
JUND,MYB,repressor
JUND,PTGS2,activator
JUND,SOX4,activator
KAT2B,CDK2,repressor
KAT2B,CDKN1A,activator
KAT2B,CDKN1B,activator
KAT2B,IRF7,repressor
KAT2B,RB1,activator
KAT2B,SMAD4,activator
KAT2B,ZEB1,repressor
KAT5,ERCC1,activator
KAT5,GMPS,repressor
KAT5,HDC,repressor
KAT5,STAT3,repressor
KDM4C,JAG1,activator
KHDRBS1,IGF2,activator
KLF10,CDKN1A,activator
KLF10,PTGS1,activator
KLF10,STMN1,repressor
KLF13,LDLR,repressor
KLF16,CDKN1A,repressor
KLF2,CCR5,activator
KLF2,CDKN1A,activator
KLF2,CXCR4,repressor
KLF2,THBD,activator
KLF2,WEE1,repressor
KLF4,ATF3,activator
KLF4,BIRC5,repressor
KLF4,CCNB1,repressor
KLF4,CD14,activator
KLF4,CDH1,activator
KLF4,CDKN1A,activator
KLF4,CDKN1A,repressor
KLF4,CDKN1B,activator
KLF4,CDKN1C,activator
KLF4,GDF15,repressor
KLF4,HBA1,activator
KLF4,HDC,repressor
KLF4,HSPA8,activator
KLF4,IFITM3,repressor
KLF4,IL1B,repressor
KLF4,LXN,repressor
KLF4,ODC1,repressor
KLF4,PFKP,activator
KLF4,RARA,repressor
KLF4,SOD1,repressor
KLF4,THBD,activator
KLF4,TP53,activator
KLF4,TP53,repressor
KLF4,VDR,repressor
KLF5,BIRC5,activator
KLF5,CCNB1,activator
KLF5,CXCR4,activator
KLF5,FASN,activator
KLF5,HIF1A,activator
KLF5,ITGB2,activator
KLF5,MMP9,activator
KLF5,NOTCH1,activator
KLF6,ATF3,activator
KLF6,CDKN1A,activator
KLF6,CERS2,activator
KLF6,DAPK2,activator
KLF6,MMP9,repressor
KLF6,PMAIP1,activator
KLF6,PTTG1,repressor
KLF9,PDCD5,activator
KLF9,PMAIP1,repressor
LDB1,TCF3,repressor
LIMD1,HIF1A,repressor
LMO2,CDH1,repressor
LMO2,GYPA,repressor
LMO2,NFATC1,activator
LMO2,ZEB1,repressor
LMO4,BRCA1,repressor
LMO4,DLG4,repressor
LRRFIP1,TNF,repressor
LYL1,NFKB1,repressor
MAF,ITGB7,activator
MAFA,PC,activator
MAML1,EGR1,activator
MAML1,TNFRSF12A,repressor
MAX,ODC1,activator
MAZ,TSG101,activator
MBD1,ALOX5,repressor
MBD1,IRF8,repressor
MBD1,SETDB1,repressor
MBD2,GSTP1,repressor
MDM2,DNMT3A,activator
MECP2,RELN,repressor
MED1,AURKA,activator
MEF2A,JUN,activator
MEF2A,MAPK14,activator
MEF2A,MAPK7,activator
MEF2A,NRF1,activator
MEF2A,SLC2A4,activator
MEF2C,JUN,activator
MEF2C,JUN,repressor
MEF2C,MAPK7,activator
MEF2C,NR4A1,repressor
MEF2D,ATF3,activator
MEF2D,CD14,activator
MEF2D,JUN,activator
MEN1,CASP8,activator
MEN1,CDKN1B,activator
MEN1,CDKN2C,repressor
MEN1,JUND,repressor
MLLT10,BAX,repressor
MLLT10,CDKN1A,repressor
MLLT10,MDM2,repressor
MLLT3,BAX,repressor
MLLT3,CDKN1A,repressor
MLLT3,MDM2,repressor
MTA1,BCAS3,activator
MTA1,BCL2L1,activator
MTA1,CDH1,repressor
MTA1,PTEN,repressor
MTA1,RNF144A,repressor
MTA1,SMAD7,repressor
MTA1,SUMO2,activator
MTA2,CDH1,repressor
MTF1,GCLC,activator
MTF1,MCAT,activator
MTF1,PRNP,activator
MTF1,SOD1,activator
MXD1,PTEN,repressor
MXI1,MYC,repressor
MYB,BCL2,activator
MYB,BCL2,repressor
MYB,CD4,repressor
MYB,CSF3R,repressor
MYB,ICAM1,repressor
MYB,IL15,activator
MYB,KLF1,activator
MYB,LCK,activator
MYB,LMO2,activator
MYB,MAT2A,activator
MYB,MYC,activator
MYB,TK1,activator
MYBL2,MYC,activator
MYC,BMI1,activator
MYC,BRD7,repressor
MYC,CCND2,activator
MYC,CD33,repressor
MYC,CD38,activator
MYC,CDC34,activator
MYC,CDK4,activator
MYC,CDK6,activator
MYC,CDKN1A,activator
MYC,CDKN1A,repressor
MYC,CEBPA,repressor
MYC,CFLAR,repressor
MYC,CXCR4,activator
MYC,EBNA1BP2,activator
MYC,FOXM1,activator
MYC,GATA1,repressor
MYC,HDAC2,activator
MYC,HLA-A,activator
MYC,HLA-B,activator
MYC,HLA-C,activator
MYC,HLA-E,activator
MYC,HLA-F,activator
MYC,HNRNPA1,activator
MYC,HNRNPA2B1,activator
MYC,IPO7,activator
MYC,JUNB,repressor
MYC,KRAS,activator
MYC,LDHA,activator
MYC,MME,activator
MYC,MST1,repressor
MYC,NDRG1,repressor
MYC,NFE2,repressor
MYC,NOL7,activator
MYC,ODC1,activator
MYC,PMAIP1,activator
MYC,PRDX3,activator
MYC,PTBP1,activator
MYC,SRSF1,activator
MYC,ST3GAL1,activator
MYC,ST3GAL4,activator
MYC,SURF1,activator
MYC,SURF2,activator
MYC,TFRC,activator
MYC,TNFRSF10B,activator
MYC,TP53,activator
MYC,UBE2C,activator
MYC,VEGFA,activator
MYC,WRN,activator
MYC,XPO1,activator
MZF1,BLMH,activator
NAB2,RBL2,activator
NCOA1,CDKN1A,activator
NCOA3,BCL2,activator
NCOA6,FOS,activator
NCOA6,HSF1,activator
NCOR1,G0S2,repressor
NEAT1,CXCL8,repressor
NF1,FOS,activator
NF1,MYC,activator
NF1,TP53,activator
NFATC1,ICAM1,activator
NFATC1,SP1,repressor
NFATC2,MDM2,activator
NFATC3,CTSD,activator
NFE2L2,BRCA1,activator
NFE2L2,CAT,activator
NFE2L2,CXCL8,activator
NFE2L2,GCLC,repressor
NFE2L2,GSTA1,activator
NFE2L2,GSTA1,repressor
NFE2L2,HMOX1,activator
NFE2L2,HMOX1,repressor
NFE2L2,MTHFR,activator
NFE2L2,SOD1,activator
NFE2L2,SOD2,activator
NFIA,CDKN1A,repressor
NFIC,HMGB1,activator
NFIC,IRS2,activator
NFIC,ITGA5,repressor
NFIC,SMUG1,activator
NFIL3,IL1B,repressor
NFIL3,TNFSF10,repressor
NFIX,CDKN1A,repressor
NFIX,CHI3L1,activator
NFKB1,ABCA1,repressor
NFKB1,ABCG2,activator
NFKB1,AGER,activator
NFKB1,AKT1,repressor
NFKB1,AKT2,repressor
NFKB1,ALOX5,repressor
NFKB1,B2M,activator
NFKB1,BAX,repressor
NFKB1,BCL2,activator
NFKB1,BCL2,repressor
NFKB1,BCL2A1,activator
NFKB1,BCL2L1,activator
NFKB1,BCL2L1,repressor
NFKB1,BCL2L11,repressor
NFKB1,BCL3,activator
NFKB1,BIRC2,activator
NFKB1,BIRC2,repressor
NFKB1,BIRC3,activator
NFKB1,BIRC3,repressor
NFKB1,BIRC5,activator
NFKB1,CCL5,activator
NFKB1,CCNB1,activator
NFKB1,CCND2,activator
NFKB1,CCR2,activator
NFKB1,CCR3,activator
NFKB1,CCR7,activator
NFKB1,CD40,activator
NFKB1,CD58,activator
NFKB1,CD83,activator
NFKB1,CD86,activator
NFKB1,CDH1,activator
NFKB1,CDK4,activator
NFKB1,CDKN1A,repressor
NFKB1,CEACAM1,activator
NFKB1,CFLAR,activator
NFKB1,CFLAR,repressor
NFKB1,CSF1,activator
NFKB1,CTCF,repressor
NFKB1,CTSB,activator
NFKB1,CXCL1,activator
NFKB1,CXCL8,activator
NFKB1,CXCL8,repressor
NFKB1,CXCR2,activator
NFKB1,CXCR4,activator
NFKB1,EGR1,repressor
NFKB1,FAF1,activator
NFKB1,FAS,activator
NFKB1,FAS,repressor
NFKB1,GSTP1,activator
NFKB1,HPSE,activator
NFKB1,ICAM1,activator
NFKB1,IL18,activator
NFKB1,IL1B,activator
NFKB1,IL1RN,activator
NFKB1,IRF1,activator
NFKB1,IRF4,activator
NFKB1,IRF7,activator
NFKB1,JUNB,activator
NFKB1,LCN2,activator
NFKB1,LTC4S,repressor
NFKB1,MAT2A,activator
NFKB1,MCL1,activator
NFKB1,MCL1,repressor
NFKB1,MMP9,activator
NFKB1,MMP9,repressor
NFKB1,MYC,activator
NFKB1,MYC,repressor
NFKB1,NAMPT,activator
NFKB1,NCAM1,activator
NFKB1,NFKBIA,activator
NFKB1,NFKBIA,repressor
NFKB1,NOD2,activator
NFKB1,NOLC1,activator
NFKB1,OPTN,activator
NFKB1,PDK4,repressor
NFKB1,PLAUR,activator
NFKB1,PTAFR,activator
NFKB1,PTEN,activator
NFKB1,PTEN,repressor
NFKB1,PTGS2,activator
NFKB1,PTGS2,repressor
NFKB1,REPS2,repressor
NFKB1,RIPK2,activator
NFKB1,S100A6,activator
NFKB1,SERPINB1,activator
NFKB1,SOD2,activator
NFKB1,STK39,activator
NFKB1,TBX21,activator
NFKB1,THBD,repressor
NFKB1,TIMP1,repressor
NFKB1,TLR2,activator
NFKB1,TLR7,activator
NFKB1,TNF,activator
NFKB1,TNFAIP3,activator
NFKB1,TNFRSF10B,activator
NFKB1,TNFRSF13C,activator
NFKB1,TNFSF10,activator
NFKB1,TNFSF10,repressor
NFKB1,TRAF1,activator
NFKB1,TRAF2,activator
NFKB1,TRAF2,repressor
NFKB1,UPP1,activator
NFKB1,VEGFA,activator
NFKB1,VEGFA,repressor
NFKB1,XIAP,activator
NFKB1,XIAP,repressor
NFKB1,YY1,repressor
NFKB2,CCND2,activator
NFKB2,CDK6,activator
NFKB2,HIF1A,repressor
NFKB2,SELP,activator
NFKB2,SND1,activator
NFKBIA,CCL5,repressor
NFKBIA,CD40,repressor
NFKBIA,CD58,repressor
NFKBIA,FAS,repressor
NFKBIA,ICAM1,repressor
NFKBIA,IL1B,repressor
NFKBIA,NFKB1,activator
NFKBIA,NFKB1,repressor
NFKBIA,RELA,activator
NFKBIA,RELA,repressor
NFKBIA,S100A6,repressor
NFKBIA,TNFSF10,repressor
NFKBIA,TRAF1,repressor
NFRKB,JUN,activator
NFYA,CCND2,activator
NFYA,CDKN1B,activator
NFYA,FXR2,activator
NFYA,GADD45A,activator
NFYA,OGG1,activator
NFYA,SP3,activator
NFYB,CCND2,activator
NFYB,CDKN1B,activator
NFYB,FXR2,activator
NFYC,CCND2,activator
NFYC,CDKN1B,activator
NFYC,FXR2,activator
NKX3-1,ACTG2,activator
NKX3-1,FOS,repressor
NKX3-1,IGF1R,repressor
NPM1,ATF5,repressor
NPM1,CDKN1A,activator
NPM1,MDM2,repressor
NPM1,PTPN6,activator
NR1H2,ABCA1,activator
NR1H2,ABCG1,activator
NR1H3,ABCA1,activator
NR1H3,ABCG1,activator
NR1H3,BHLHE40,activator
NR3C1,ATF2,repressor
NR3C1,BAD,activator
NR3C1,BAX,activator
NR3C1,BRCA1,activator
NR3C1,CALD1,activator
NR3C1,CCND3,repressor
NR3C1,CDK4,repressor
NR3C1,CDK6,repressor
NR3C1,CDKN1A,activator
NR3C1,ELK1,repressor
NR3C1,ETS1,repressor
NR3C1,NFKB1,repressor
NR3C1,RPS6KA3,activator
NR3C1,SRF,repressor
NR3C1,STAT1,repressor
NR3C1,TP53,repressor
NR4A1,BABAM2,repressor
NR4A1,CCNA2,repressor
NR4A1,CDKN1B,activator
NR4A1,E2F1,activator
NR4A1,MDM2,repressor
NR4A1,RNF7,repressor
NR4A1,TIMP2,activator
NR4A1,TNF,repressor
NRF1,CAPNS1,activator
NRF1,CXCR4,activator
NRF1,FMR1,activator
NRF1,FXR2,activator
NRF1,IDE,activator
NRF1,PRDX3,activator
NRF1,PRDX5,activator
NRF1,SPAST,activator
NRIP1,SLC7A1,activator
OTX1,BEST1,activator
PA2G4,E2F1,repressor
PARP1,BCL2,repressor
PARP1,CDH1,activator
PARP1,E2F1,activator
PARP1,FOXO1,repressor
PARP1,SERPINF1,repressor
PARP1,THBD,activator
PARP1,THBD,repressor
PARP1,VIM,activator
PAX5,BAX,activator
PAX5,BCL2,repressor
PAX5,BLK,repressor
PAX5,CD79A,activator
PAX5,CDKN1A,activator
PAX5,FHL2,activator
PAX5,PRDM1,repressor
PAX5,TIMP1,activator
PAX5,TP53,activator
PAX5,TP53,repressor
PAX5,XBP1,repressor
PBX1,VCP,activator
PER1,BAX,repressor
PER1,BCL2,activator
PHB2,ARNT,repressor
PHB2,BTG2,repressor
PIAS1,PRMT1,repressor
PIAS3,ATF1,activator
PKNOX1,PTPN6,activator
PLAGL1,ABCC6,activator
PLAGL1,SDHB,repressor
PLAGL2,IGF2,activator
PLAGL2,METAP2,activator
PLAGL2,NCF2,activator
PML,BAX,activator
PML,CASP3,activator
PML,CDKN1A,activator
PML,EAF2,repressor
PML,EP300,activator
PML,HIPK2,activator
PML,NR4A1,repressor
PML,PML,activator
PML,TNFAIP3,repressor
PML,TNFSF10,activator
PML,UBA7,repressor
POLR1A,E2F1,repressor
POU2AF1,TK1,activator
POU2F1,GADD45A,activator
POU2F1,HBG1,repressor
POU2F1,PTGIR,activator
POU2F1,TK1,activator
POU2F1,VWF,activator
POU2F1,VWF,repressor
POU2F2,TK1,activator
PPARA,ACSL1,repressor
PPARA,APOBR,repressor
PPARA,CPT1A,repressor
PPARA,IL6R,repressor
PPARA,MMP9,repressor
PPARA,NFKBIA,activator
PPARA,PDK4,activator
PPARA,PLIN2,repressor
PPARA,PTGS2,activator
PPARA,SREBF2,repressor
PPARA,TXNIP,repressor
PPARD,CAT,activator
PPARD,PDK4,activator
PPARD,SAT1,activator
PPARD,SOD1,activator
PPARD,TIMP1,activator
PPARD,TXN,activator
PRDM1,CIITA,repressor
PRDM1,LMO2,repressor
PRDM1,MYC,repressor
PTMA,IDO1,activator
PTTG1,CCNB1,activator
PTTG1,CDC42,activator
PTTG1,CDK1,activator
PTTG1,LGALS1,activator
PTTG1,MYC,activator
PTTG1,PTTG1IP,activator
PTTG1,RAC1,activator
PTTG1,RHOA,activator
PTTG1,S100A4,activator
PTTG1,TIMP2,repressor
PTTG1,VEGFA,activator
PURA,FAS,repressor
PURA,PCNA,repressor
RAD51,SP1,activator
RARA,ABCC3,repressor
RARA,CDKN1A,activator
RARA,ICAM1,activator
RARA,PRKCA,activator
RARA,SCD,activator
RARA,THBD,activator
RARG,ICAM1,activator
RB1,BRCA1,repressor
RB1,CDKN1A,activator
RB1,CDKN1A,repressor
RB1,DHFR,repressor
RB1,DNMT3A,repressor
RB1,E2F1,repressor
RB1,E2F2,repressor
RB1,E2F3,repressor
RB1,EBNA1BP2,activator
RB1,FOS,repressor
RB1,MYC,repressor
RB1,PCNA,repressor
RB1,RB1,repressor
RB1,TFDP1,repressor
RB1,VEGFA,activator
RB1CC1,RB1,activator
RBBP7,CDH1,repressor
RBL2,BRCA1,repressor
RBL2,RAD51,repressor
RBMX,EGR1,repressor
RBMX,FOS,repressor
RBMX,FOSL1,repressor
RBMX,JUNB,repressor
RBMX,JUND,repressor
RBMX,KIT,repressor
RBMX,TXNIP,activator
RBPJ,PTEN,repressor
REL,BCL2A1,activator
REL,BIRC3,activator
REL,CDKN1A,activator
REL,CSRP1,activator
REL,IL1B,activator
REL,SOD2,activator
REL,TNFAIP3,activator
RELA,ABCA1,repressor
RELA,ABCG2,activator
RELA,AGER,activator
RELA,AKT1,repressor
RELA,AKT2,repressor
RELA,ALOX5,repressor
RELA,BAD,activator
RELA,BAX,repressor
RELA,BCL2,activator
RELA,BCL2,repressor
RELA,BCL2A1,activator
RELA,BCL2L1,activator
RELA,BCL2L1,repressor
RELA,BCL2L11,repressor
RELA,BCL3,activator
RELA,BIRC2,activator
RELA,BIRC2,repressor
RELA,BIRC3,activator
RELA,BIRC3,repressor
RELA,BIRC5,activator
RELA,CCL5,activator
RELA,CCNB1,activator
RELA,CCND2,activator
RELA,CCR2,activator
RELA,CCR3,activator
RELA,CCR7,activator
RELA,CD40,activator
RELA,CD58,activator
RELA,CD83,activator
RELA,CD86,activator
RELA,CDH1,activator
RELA,CDK4,activator
RELA,CDK6,activator
RELA,CDKN1A,activator
RELA,CDKN1A,repressor
RELA,CEACAM1,activator
RELA,CFLAR,activator
RELA,CFLAR,repressor
RELA,CSF1,activator
RELA,CTSB,activator
RELA,CXCL1,activator
RELA,CXCL8,activator
RELA,CXCL8,repressor
RELA,CXCR2,activator
RELA,CXCR4,activator
RELA,EGR1,repressor
RELA,FAF1,activator
RELA,FAS,activator
RELA,FAS,repressor
RELA,GSTP1,activator
RELA,GTF2B,activator
RELA,HLA-A,activator
RELA,HPSE,activator
RELA,ICAM1,activator
RELA,IL18,activator
RELA,IL1B,activator
RELA,IL1RN,activator
RELA,IRF1,activator
RELA,IRF4,activator
RELA,IRF7,activator
RELA,JUNB,activator
RELA,LCN2,activator
RELA,LTC4S,repressor
RELA,MAT2A,activator
RELA,MCL1,activator
RELA,MCL1,repressor
RELA,MMP9,activator
RELA,MMP9,repressor
RELA,MYC,activator
RELA,MYC,repressor
RELA,NAMPT,activator
RELA,NCAM1,activator
RELA,NFKB1,activator
RELA,NFKBIA,activator
RELA,NFKBIA,repressor
RELA,NOLC1,activator
RELA,OPTN,activator
RELA,OXTR,activator
RELA,PCK2,repressor
RELA,PDK4,repressor
RELA,PLAUR,activator
RELA,PPARD,repressor
RELA,PTAFR,activator
RELA,PTEN,activator
RELA,PTEN,repressor
RELA,PTGS2,activator
RELA,PTGS2,repressor
RELA,REPS2,repressor
RELA,RIPK2,activator
RELA,S100A6,activator
RELA,SERPINB1,activator
RELA,SIRT1,activator
RELA,SOD2,activator
RELA,STK39,activator
RELA,TBP,activator
RELA,TBX21,activator
RELA,THBD,repressor
RELA,TIMP1,repressor
RELA,TLR2,activator
RELA,TLR7,activator
RELA,TNF,activator
RELA,TNFAIP3,activator
RELA,TNFRSF10B,activator
RELA,TNFRSF13C,activator
RELA,TNFSF10,activator
RELA,TNFSF10,repressor
RELA,TRAF1,activator
RELA,TRAF2,activator
RELA,TRAF2,repressor
RELA,TRIB3,repressor
RELA,UPP1,activator
RELA,VEGFA,activator
RELA,VEGFA,repressor
RELA,XIAP,activator
RELA,XIAP,repressor
RELA,YY1,repressor
REST,CD59,repressor
REST,KCNN4,repressor
REST,STAT1,repressor
RFX1,MAP1A,repressor
RFX1,MYC,repressor
RFX1,PCNA,repressor
RFX3,MAP1A,repressor
RUNX1,CD34,activator
RUNX1,GP1BA,activator
RUNX1,ITGA2B,activator
RUNX1,JUN,activator
RUNX1,LGALS3,activator
RUNX1,MYH10,repressor
RUNX1,NCAM1,activator
RUNX1,NF1,repressor
RUNX1,SPI1,activator
RUNX1,SYMPK,repressor
RUNX1,VEGFA,repressor
RUNX2,ELANE,activator
RUNX2,LGALS3,activator
RUNX2,SNAI3,activator
RUNX2,VEGFA,activator
RUNX3,CAPN10,activator
RUNX3,CASP2,activator
RUNX3,CASP3,activator
RUNX3,CASP7,activator
RUNX3,CASP8,activator
RUNX3,CD36,repressor
RUNX3,CDKN1A,activator
RUNX3,CFLAR,repressor
RUNX3,DNASE1,activator
RUNX3,FADD,activator
RUNX3,HSPD1,repressor
RUNX3,ICAM3,repressor
RUNX3,ING1,activator
RUNX3,ING4,activator
RUNX3,JAG1,repressor
RUNX3,MMP9,repressor
RUNX3,MYC,repressor
RUNX3,PEA15,repressor
RUNX3,RUNX1,repressor
RUNX3,TCF4,activator
RUNX3,TIAL1,repressor
RUNX3,TIMP1,activator
RUNX3,TRAF6,activator
RUNX3,TXN2,repressor
RXRA,ABCA1,activator
RXRA,ABCC3,repressor
RXRA,IL2RB,activator
RXRA,IL2RG,activator
RXRA,NOL7,activator
SATB1,BCL2,activator
SATB1,CDK4,activator
SATB1,CYBB,repressor
SATB1,MKI67,activator
SATB1,SPARC,activator
SATB1,SPI1,activator
SERTAD1,SET,activator
SF1,TCERG1,repressor
SFPQ,CXCL8,repressor
SFPQ,STAT6,repressor
SIN3A,E2F1,repressor
SIRT1,BCL11A,repressor
SIRT1,CCAR2,repressor
SIRT1,CDH1,repressor
SIRT1,CDKN1A,repressor
SIRT1,CFLAR,activator
SIRT1,CTNNB1,repressor
SIRT1,EGLN1,repressor
SIRT1,EZH2,repressor
SIRT1,FOXO3,repressor
SIRT1,HIF1A,activator
SIRT1,HSF1,activator
SIRT1,HYOU1,activator
SIRT1,ICAM1,repressor
SIRT1,MCL1,activator
SIRT1,MMP9,repressor
SIRT1,MYC,repressor
SIRT1,NBN,activator
SIRT1,NOTCH1,repressor
SIRT1,PER1,activator
SIRT1,TNFRSF10B,repressor
SIRT1,TP53,activator
SIRT1,TP53,repressor
SIRT1,WRN,repressor
SIRT1,XPC,repressor
SIRT2,CDKN1A,repressor
SIRT2,NEDD4,repressor
SKI,FHL2,activator
SKI,MDM2,activator
SKIL,SMAD7,repressor
SLC2A4RG,SLC2A4,activator
SMAD3,CCND2,activator
SMAD3,CDKN1A,activator
SMAD3,MMP9,repressor
SMAD3,SMAD7,repressor
SMAD3,TGFB1,repressor
SMAD3,VDR,activator
SMAD4,BTRC,repressor
SMAD4,CDKN1A,activator
SMAD4,DACH1,repressor
SMAD7,CDK1,repressor
SMAD7,CDKN1A,repressor
SMAD7,MYC,activator
SMAD7,TGFB1,activator
SMAD7,TGFBR1,repressor
SMARCA4,ABCG2,activator
SMARCA4,CD44,repressor
SMARCA4,CDH1,activator
SMARCA4,CDKN1A,activator
SMARCA4,FOS,repressor
SMARCB1,CD44,repressor
SMURF2,KLF5,repressor
SOX4,NCAM1,activator
SOX6,CCNA2,repressor
SOX6,CDK4,repressor
SOX6,CDKN1A,activator
SOX6,CTNNB1,repressor
SOX6,TP53,activator
SP1,ABCA1,activator
SP1,ABCB8,activator
SP1,ABCC1,repressor
SP1,ABCC3,activator
SP1,ADAM10,activator
SP1,ADAM17,activator
SP1,GRK2,activator
SP1,AHR,repressor
SP1,ALOX12,activator
SP1,ALOX5,activator
SP1,APEX1,repressor
SP1,APP,activator
SP1,ARF6,activator
SP1,ATP2A2,activator
SP1,ATP2A3,activator
SP1,ATP2C1,activator
SP1,B4GALT1,activator
SP1,B4GALT5,activator
SP1,BLMH,activator
SP1,BRD7,activator
SP1,BSG,activator
SP1,CCNA2,repressor
SP1,CCND2,activator
SP1,CD14,activator
SP1,CD151,activator
SP1,CD1D,activator
SP1,CD2AP,activator
SP1,CD44,activator
SP1,ADGRE5,activator
SP1,CDK4,activator
SP1,CDK6,repressor
SP1,CDKN1A,activator
SP1,CDKN1A,repressor
SP1,CDKN1B,activator
SP1,CERS2,activator
SP1,CREM,activator
SP1,CTSL,activator
SP1,CXCL5,activator
SP1,CYP1B1,activator
SP1,CYP27A1,activator
SP1,DBF4,activator
SP1,DHCR24,activator
SP1,DNASE2,activator
SP1,DNMT1,activator
SP1,DNMT1,repressor
SP1,DNMT3A,activator
SP1,EAPP,activator
SP1,EGR1,activator
SP1,ELF4,activator
SP1,ELMO3,activator
SP1,ENG,activator
SP1,EPOR,repressor
SP1,ERBB2,activator
SP1,EZR,activator
SP1,FAS,activator
SP1,FMR1,activator
SP1,FOXM1,activator
SP1,FXR2,activator
SP1,GCLC,activator
SP1,GFER,activator
SP1,GSTP1,activator
SP1,HCN2,activator
SP1,HDAC4,activator
SP1,HGF,activator
SP1,HMGA1,activator
SP1,HSD17B11,activator
SP1,HTT,activator
SP1,IGF2,activator
SP1,INSR,activator
SP1,IRF5,activator
SP1,IRS2,activator
SP1,ITGA5,activator
SP1,ITGAV,repressor
SP1,ITGB3,repressor
SP1,KIF2C,activator
SP1,LDHA,activator
SP1,LDLR,activator
SP1,LRP5,activator
SP1,MAT2A,activator
SP1,MAT2B,activator
SP1,MDM2,activator
SP1,MICA,activator
SP1,MICB,activator
SP1,MMP9,activator
SP1,MMRN1,activator
SP1,MPO,activator
SP1,MTA1,activator
SP1,NDUFV1,activator
SP1,NFKB1,activator
SP1,P2RX4,repressor
SP1,P4HA1,activator
SP1,PLAUR,activator
SP1,POR,activator
SP1,POR,repressor
SP1,PPL,activator
SP1,PRKCE,repressor
SP1,PRNP,activator
SP1,PTGIR,activator
SP1,PTGS2,activator
SP1,PTGS2,repressor
SP1,PTTG1,activator
SP1,RARA,activator
SP1,RASSF1,activator
SP1,RELA,activator
SP1,RETN,activator
SP1,RORA,activator
SP1,SIGIRR,activator
SP1,SKP2,activator
SP1,SLC19A1,activator
SP1,SLC29A1,repressor
SP1,SLC39A8,activator
SP1,SMPD1,activator
SP1,SOCS1,activator
SP1,SOD1,activator
SP1,SOD1,repressor
SP1,SOD2,repressor
SP1,SP3,activator
SP1,SPN,activator
SP1,SREBF1,activator
SP1,STARD3,activator
SP1,TAF7,activator
SP1,TERF2,activator
SP1,TGFB1,activator
SP1,THBD,activator
SP1,TICAM1,repressor
SP1,TIMP1,activator
SP1,TK1,activator
SP1,TLR2,activator
SP1,TMPO,activator
SP1,TNF,activator
SP1,TNF,repressor
SP1,TNFRSF10B,activator
SP1,TNFSF10,repressor
SP1,TNFSF14,activator
SP1,UGCG,activator
SP1,UTRN,activator
SP1,VAMP2,activator
SP1,VEGFA,activator
SP1,VEGFA,repressor
SP1,VIM,activator
SP1,XIAP,activator
SP1,YY1,activator
SP100,ETS1,repressor
SP2,CEACAM1,repressor
SP2,DNMT3A,activator
SP2,MMP9,repressor
SP3,ABCA1,repressor
SP3,ALOX12,activator
SP3,ALPL,activator
SP3,BSG,activator
SP3,CD2AP,activator
SP3,ADGRE5,activator
SP3,CDKN1A,activator
SP3,CDKN1A,repressor
SP3,CTSL,activator
SP3,CYP27A1,activator
SP3,DNASE2,activator
SP3,EAPP,repressor
SP3,ERBB2,activator
SP3,ETF1,repressor
SP3,HDAC4,activator
SP3,HGF,activator
SP3,MSH6,activator
SP3,NFKB1,activator
SP3,RASSF1,activator
SP3,RELA,activator
SP3,RORA,activator
SP3,UTRN,activator
SP3,YY1,activator
SP4,ERBB2,activator
SP4,NFKB1,activator
SP4,RELA,activator
SP4,YY1,activator
SPEN,DMPK,activator
SPI1,ACP5,activator
SPI1,ALOX15,activator
SPI1,BCL6,repressor
SPI1,CD40,activator
SPI1,CSF3R,activator
SPI1,CTSS,activator
SPI1,CXCR1,activator
SPI1,CYBB,activator
SPI1,FCER1A,activator
SPI1,GATA1,activator
SPI1,IFIT3,activator
SPI1,IL1B,activator
SPI1,ITGAM,activator
SPI1,ITGAX,repressor
SPI1,ITGB2,activator
SPI1,MAPK1,repressor
SPI1,NCF2,activator
SPI1,PARG,repressor
SPI1,PEBP1,activator
SPI1,PTGIR,activator
SPI1,RNASE2,activator
SPI1,TLR4,activator
SPIB,CD40,activator
SPIB,IRF7,repressor
SREBF1,ACLY,activator
SREBF1,BCL2L1,repressor
SREBF1,FAS,activator
SREBF1,IRS2,repressor
SREBF1,LDLR,activator
SREBF1,LRP1,repressor
SREBF2,ABCA1,repressor
SREBF2,ACOT7,activator
SREBF2,HMGCR,activator
SREBF2,LDLR,activator
SREBF2,LRP1,repressor
SRF,CREB1,repressor
SRF,FOS,activator
SRF,FOSL1,activator
SRF,TAGLN,activator
SRF,UBE2S,activator
SRSF1,NFKB1,repressor
STAT1,CCR1,activator
STAT1,CD22,activator
STAT1,CD40,activator
STAT1,CDKN1A,activator
STAT1,CEBPE,activator
STAT1,CIITA,activator
STAT1,FCGRT,repressor
STAT1,HMOX1,activator
STAT1,HSP90AA1,repressor
STAT1,ICAM1,activator
STAT1,IL1B,activator
STAT1,IRF1,activator
STAT1,IRF1,repressor
STAT1,IRF7,activator
STAT1,IRF8,activator
STAT1,JAK2,activator
STAT1,LY96,activator
STAT1,MMP9,repressor
STAT1,MVP,activator
STAT1,PML,activator
STAT1,PPARA,activator
STAT1,PRKCE,repressor
STAT1,PTGS2,activator
STAT1,S100A10,activator
STAT1,STAT2,activator
STAT1,TP53,activator
STAT1,UPP1,activator
STAT2,IRF1,activator
STAT2,PTGS2,activator
STAT3,BCL2,activator
STAT3,BCL2,repressor
STAT3,BCL2L1,activator
STAT3,BCL2L1,repressor
STAT3,BCL6,activator
STAT3,BIRC5,activator
STAT3,CCND3,activator
STAT3,CD46,activator
STAT3,CDK4,activator
STAT3,CDKN1A,activator
STAT3,CHI3L1,activator
STAT3,CISH,activator
STAT3,CSRP1,activator
STAT3,DDIT3,repressor
STAT3,DNMT1,activator
STAT3,ETV6,activator
STAT3,F2R,activator
STAT3,FAAH,activator
STAT3,FAS,activator
STAT3,FAS,repressor
STAT3,FOS,activator
STAT3,HGF,activator
STAT3,HIF1A,activator
STAT3,HMOX1,activator
STAT3,HSPA4,activator
STAT3,HSPB1,activator
STAT3,IFNAR1,activator
STAT3,IKBKE,activator
STAT3,IL1RN,activator
STAT3,IRF1,activator
STAT3,JAK2,activator
STAT3,JUNB,activator
STAT3,KLF11,activator
STAT3,LGALS3BP,repressor
STAT3,LTBP1,repressor
STAT3,MCL1,activator
STAT3,MCL1,repressor
STAT3,MICA,repressor
STAT3,MMP9,repressor
STAT3,MYC,activator
STAT3,MYC,repressor
STAT3,OAS1,repressor
STAT3,OSM,activator
STAT3,PGF,repressor
STAT3,PIAS3,activator
STAT3,PIM1,activator
STAT3,PPARA,activator
STAT3,PRDM1,activator
STAT3,PSMB5,activator
STAT3,PTEN,activator
STAT3,PTGS2,activator
STAT3,PTPN6,repressor
STAT3,S100A11,activator
STAT3,S1PR1,activator
STAT3,SOCS1,activator
STAT3,SOCS3,activator
STAT3,STAT1,activator
STAT3,STS,activator
STAT3,TGFB1,activator
STAT3,TIMP1,activator
STAT3,TNFRSF10B,repressor
STAT3,TYK2,repressor
STAT3,UCP2,repressor
STAT3,USP7,repressor
STAT3,VDR,repressor
STAT3,VEGFA,activator
STAT3,VEGFA,repressor
STAT3,ZFP36,activator
STAT4,MYC,activator
STAT4,PRF1,activator
STAT4,S100A4,activator
STAT4,SOCS3,repressor
STAT5A,BCL6,repressor
STAT5A,CCND2,repressor
STAT5A,SUMO1,repressor
STAT5B,BCL2L1,activator
STAT5B,BCL6,repressor
STAT6,ALOX15,activator
STAT6,FCER2,activator
STAT6,FOS,activator
STAT6,IL1R1,activator
STAT6,PTGS2,activator
STAT6,RHOA,activator
STAT6,SELP,activator
STAT6,STAT1,repressor
STAT6,TLR4,repressor
SUGP1,IL1B,activator
TAF1,CDKN1A,activator
TAF4,ATF7,repressor
TAL1,CD34,repressor
TAL1,MYB,activator
TAL1,NFKB1,repressor
TBP,BCL2,repressor
TBP,FOS,activator
TBP,FUS,repressor
TBP,NF1,repressor
TBPL1,NF1,activator
TBX21,PTGDR2,repressor
TCF12,CDH1,repressor
TCF3,BBC3,repressor
TCF3,CDH1,repressor
TCF3,CDK6,repressor
TCF3,CDKN1A,activator
TCF3,MYC,activator
TCF3,MYC,repressor
TCF4,CLEC4C,activator
TCF4,HECA,repressor
TCF4,MYC,activator
TCF4,PLD1,activator
TCF4,PTEN,repressor
TCF4,VEGFA,activator
TCF4,VIM,activator
TCF7L2,BIRC5,activator
TCF7L2,HECA,repressor
TCF7L2,STARD7,activator
TCFL5,CD2,repressor
TFDP1,CDK1,activator
TFDP1,DHFR,activator
TFDP1,MYBL2,activator
TFDP1,NRIP1,activator
TFDP1,PCNA,activator
TFDP1,RRM1,activator
TFDP1,TP53,repressor
TFPT,EAF2,repressor
TLE3,RUNX1,repressor
TNFAIP3,IRF7,repressor
TNFAIP3,JUN,repressor
TNFAIP3,NFKB1,repressor
TNFAIP3,RELA,repressor
TOP2B,RUNX1,activator
TP53,AKT1,repressor
TP53,ATF3,activator
TP53,BAX,activator
TP53,BBC3,activator
TP53,BCL2,repressor
TP53,BCL2L1,activator
TP53,BCL2L1,repressor
TP53,BCL3,repressor
TP53,BIRC5,repressor
TP53,BRCA1,repressor
TP53,CCNB1,repressor
TP53,CCNB2,repressor
TP53,CD82,activator
TP53,CDK1,repressor
TP53,CDK2,repressor
TP53,CDKN1A,activator
TP53,CDKN1A,repressor
TP53,CHUK,repressor
TP53,CTNNB1,repressor
TP53,CTSD,activator
TP53,DDB1,activator
TP53,DDB1,repressor
TP53,DDB2,activator
TP53,DNMT1,activator
TP53,DNMT1,repressor
TP53,DUSP1,activator
TP53,E2F1,repressor
TP53,E2F3,repressor
TP53,EZH2,activator
TP53,EZH2,repressor
TP53,FAS,activator
TP53,FOXM1,repressor
TP53,GADD45A,activator
TP53,GADD45A,repressor
TP53,GDF15,activator
TP53,GSTP1,activator
TP53,HIPK2,activator
TP53,HSP90AB1,repressor
TP53,IFI16,activator
TP53,IGF1R,repressor
TP53,IPO7,repressor
TP53,KLF2,repressor
TP53,MAP4,repressor
TP53,MCL1,repressor
TP53,MCM7,repressor
TP53,MDM2,activator
TP53,MYC,repressor
TP53,NKX3-1,repressor
TP53,NLRC4,activator
TP53,OGG1,activator
TP53,PAX5,activator
TP53,PIAS3,repressor
TP53,PMAIP1,activator
TP53,PML,activator
TP53,PTPA,repressor
TP53,PTEN,repressor
TP53,PTTG1,activator
TP53,PTTG1,repressor
TP53,RASSF1,repressor
TP53,REEP5,repressor
TP53,SFN,activator
TP53,SIVA1,activator
TP53,SIVA1,activator
TP53,SLC2A1,repressor
TP53,SLC6A6,repressor
TP53,STAT3,repressor
TP53,TBXAS1,repressor
TP53,TCF7L2,repressor
TP53,THBS1,activator
TP53,TNFRSF10B,activator
TP53,TP53,activator
TP53,TP53I3,activator
TP53,TRIM22,activator
TP53,UHRF1,repressor
TP53,VCAN,activator
TP53,VEGFA,activator
TP53,VEGFA,repressor
TP53,WRN,repressor
TP53,XPO1,repressor
TP53BP1,BRCA1,activator
TRAF6,VEGFA,repressor
TRERF1,CD40,repressor
TRERF1,CD86,repressor
TRERF1,LILRB1,repressor
TRERF1,LILRB2,repressor
TRERF1,LILRB4,repressor
TRIB3,ATF4,repressor
TRIM28,E2F3,repressor
TRIM28,E2F4,repressor
TRPS1,RUNX2,repressor
TRRAP,CCND2,activator
TSC22D1,CNP,activator
TSC22D3,CDKN1A,repressor
TSC22D3,FOXO1,repressor
TSC22D3,FOXO3,repressor
TSC22D3,FOXO4,repressor
UHRF1,RB1,activator
USF1,ABCA1,activator
USF1,APC,activator
USF1,ASCL2,repressor
USF1,B2M,activator
USF1,CD2,activator
USF1,CEACAM1,activator
USF1,CIITA,activator
USF1,CTSD,activator
USF1,CXCR4,activator
USF1,FMR1,activator
USF1,HMOX1,activator
USF1,P4HA1,activator
USF1,PTGS2,repressor
USF1,S100A6,activator
USF1,SERBP1,activator
USF1,SLC19A1,activator
USF1,TGFB1,activator
USF1,TOP3A,activator
USF2,ABCA1,activator
USF2,APC,activator
USF2,ASCL2,repressor
USF2,ATP5F1A,activator
USF2,B2M,activator
USF2,CD2,activator
USF2,CEACAM1,activator
USF2,CTSD,activator
USF2,CXCR2,activator
USF2,CXCR4,activator
USF2,FMR1,activator
USF2,HMOX1,activator
USF2,IGF2R,activator
USF2,P4HA1,activator
USF2,SLC19A1,activator
USF2,TGFB1,activator
USF2,THBS1,activator
USF2,TOP3A,activator
VDR,CD14,activator
VDR,CDH1,activator
VDR,CDKN1B,activator
VDR,CXCL8,activator
VDR,NCOR1,activator
VDR,SKP2,repressor
VDR,TPT1,activator
VHL,CDKN1B,activator
VHL,CDKN1C,activator
VHL,CXCR4,repressor
VHL,DAB2,activator
VHL,HIF1A,repressor
VHL,IGF1R,repressor
VHL,SPARC,activator
VHL,TFRC,repressor
VHL,VEGFA,activator
VHL,VEGFA,repressor
WWP1,TGFBR1,repressor
XBP1,ERP29,repressor
XBP1,HSPA5,activator
XPC,CASP2,repressor
XPC,KIN,activator
XPC,RNF111,repressor
XRCC5,ETS1,repressor
YBX1,ANAPC4,repressor
YBX1,CCNB1,repressor
YBX1,CCNC,repressor
YBX1,CDC20,repressor
YBX1,CDH1,activator
YBX1,CDKN3,activator
YBX1,CKS2,repressor
YBX1,CXCR4,activator
YBX1,ERBB2,activator
YBX1,FAS,repressor
YBX1,KPNA2,repressor
YBX1,RAD9A,activator
YBX1,RBBP8,repressor
YBX1,SKP2,repressor
YBX1,SUMO1,repressor
YEATS4,TP53,repressor
YY1,APC,repressor
YY1,APH1A,activator
YY1,ATP2C1,activator
YY1,CCR5,repressor
YY1,COX7C,activator
YY1,CREBBP,repressor
YY1,CTCF,activator
YY1,CXCR4,repressor
YY1,DNAJB4,activator
YY1,ERBB2,activator
YY1,ERCC5,activator
YY1,FAS,repressor
YY1,FCER1A,activator
YY1,HSPA5,activator
YY1,MYC,activator
YY1,MYC,repressor
YY1,NF1,activator
YY1,PCNA,activator
YY1,PDIA6,repressor
YY1,PRDM2,activator
YY1,SURF1,activator
YY1,SURF2,activator
YY1,TNFRSF10B,activator
YY1,TNFRSF10B,repressor
YY1,TOP3A,activator
YY1,TP53,activator
YY1,TP53,repressor
YY1,VEGFB,activator
YY1,ZNF175,activator
ZBTB14,FHL2,activator
ZBTB16,BCL2,repressor
ZBTB16,BID,repressor
ZBTB16,CCNA2,repressor
ZBTB16,CXCR4,activator
ZBTB17,CDKN1A,repressor
ZBTB2,ARF1,repressor
ZBTB2,CDKN1A,repressor
ZBTB2,MDM2,activator
ZBTB2,TP53,repressor
ZBTB5,CDKN1A,repressor
ZBTB7A,FOS,repressor
ZBTB7A,MYC,repressor
ZBTB7A,PFKP,repressor
ZBTB7A,PKM,repressor
ZBTB7A,SLC2A3,repressor
ZEB1,BCL6,repressor
ZEB1,CDH1,activator
ZEB1,CDH1,repressor
ZEB2,CDH1,repressor
ZEB2,ITGA5,activator
ZEB2,VIM,activator
ZFHX3,CDKN1A,activator
ZFHX3,MYB,repressor
ZFP36,CXCL8,repressor
ZFP36,ELAVL1,activator
ZFP36,HIF1A,activator
ZFP36,HIF1A,repressor
ZFP36,LATS2,repressor
ZFP36,VEGFA,repressor
ZFP36L1,VEGFA,repressor
ZHX2,CCNA2,repressor
ZNF143,PCYT1A,activator
ZNF148,VIM,repressor
ZNF160,TLR4,repressor
ZNF217,CDH1,repressor
ZNF224,ALDOA,repressor
ZNF224,VDR,activator
ZNF24,CTNNB1,activator
ZNF24,VEGFA,repressor
ZNF350,ATXN2,activator
ZNF383,JUN,repressor
ZNF444,SCARF1,activator
ZNF76,CDKN1A,repressor
ZNF76,PCYT1A,activator
AHR,CDKN1B,activator
ARNT,ALDOA,activator
ARNT,ANGPT1,activator
ARNT,BCL2,activator
ARNT,CDKN1A,activator
ARNT,CDKN1B,activator
ARNT,EGF,activator
ARNT,ENO1,activator
ARNT,ENO2,activator
ARNT,ENO3,activator
ARNT,GAPDH,activator
ARNT,HK1,activator
ARNT,HK2,activator
ARNT,HK3,activator
ARNT,HMOX1,activator
ARNT,LDHA,activator
ARNT,LTBR,activator
ARNT,NPPA,activator
ARNT,PDK1,activator
ARNT,PFKFB3,activator
ARNT,PFKL,activator
ARNT,PGK1,activator
ARNT,SLC2A1,activator
ARNT,TFRC,activator
ARNT,TIMP1,activator
ARNT,VEGFA,activator
ASH2L,CDKN1B,activator
ASH2L,CDKN2C,activator
ATF2,BCL2,activator
ATF2,MCL1,activator
ATF2,ZNF516,activator
ATF2,TG,activator
ATF2,CPT1A,activator
ATF2,G6PC3,activator
ATF2,PCK2,activator
ATF2,VEGFA,activator
ATF2,VEGFB,activator
ATF2,NCEH1,activator
ATF2,CDKN1A,activator
ATF2,FOS,activator
ATF2,POMC,activator
ATF2,FOSB,activator
ATF2,CXCL8,activator
ATF2,PCNA,activator
ATF2,CCL5,activator
ATF2,ICAM1,activator
ATF2,IL1B,activator
ATF2,TNF,activator
ATF4,BCL2,activator
ATF4,MCL1,activator
ATF4,DDIT3,activator
ATF4,TG,activator
ATF4,CPT1A,activator
ATF4,G6PC3,activator
ATF4,PCK2,activator
ATF4,VEGFA,activator
ATF4,VEGFB,activator
ATF4,NCEH1,activator
ATF4,CDKN1A,activator
ATF4,FOS,activator
ATF4,POMC,activator
ATF4,FOSB,activator
ATF4,CXCL8,activator
ATF4,PCNA,activator
ATF6B,BCL2,activator
ATF6B,MCL1,activator
ATF6B,TG,activator
ATF6B,VEGFA,activator
ATF6B,VEGFB,activator
ATF6B,NCEH1,activator
ATF6B,CDKN1A,activator
ATF6B,FOS,activator
ATF6B,POMC,activator
ATF6B,FOSB,activator
ATF6B,CXCL8,activator
ATF6B,PCNA,activator
BBC3,TP53,activator
CBL,THBS1,activator
CEBPA,PER2,activator
CIITA,HLA-DMA,activator
CIITA,HLA-DMB,activator
CIITA,HLA-DOA,activator
CIITA,HLA-DPA1,activator
CIITA,HLA-DPB1,activator
CIITA,HLA-DQA1,activator
CIITA,HLA-DQA2,activator
CIITA,HLA-DQB1,activator
CIITA,HLA-DRA,activator
CIITA,HLA-DRB1,activator
CIITA,HLA-DRB5,activator
CITED2,BNIP3L,repressor
CLOCK,BHLHE40,activator
CLOCK,CRY1,activator
CLOCK,CRY2,activator
CLOCK,PER1,activator
CLOCK,PER2,activator
CLOCK,RORA,activator
CREB1,FOS,activator
CREB1,JUN,activator
CREB1,BCL2,activator
CREB1,MCL1,activator
CREB1,ACP5,activator
CREB1,CTSK,activator
CREB1,ITGB3,activator
CREB1,PER1,activator
CREB1,PER2,activator
CREB1,ZNF516,activator
CREB1,TG,activator
CREB1,CPT1A,activator
CREB1,G6PC3,activator
CREB1,PCK2,activator
CREB1,VEGFA,activator
CREB1,VEGFB,activator
CREB1,NCEH1,activator
CREB1,CDKN1A,activator
CREB1,POMC,activator
CREB1,FOSB,activator
CREB1,CD74,activator
CREB1,HLA-DMA,activator
CREB1,HLA-DMB,activator
CREB1,HLA-DOA,activator
CREB1,HLA-DPA1,activator
CREB1,HLA-DPB1,activator
CREB1,HLA-DQA1,activator
CREB1,HLA-DQA2,activator
CREB1,HLA-DQB1,activator
CREB1,HLA-DRA,activator
CREB1,HLA-DRB1,activator
CREB1,HLA-DRB5,activator
CREB1,CXCL8,activator
CREB1,PCNA,activator
CREB1,PTGER4,activator
CREB3,FOS,activator
CREB3,JUN,activator
CREB3,BCL2,activator
CREB3,MCL1,activator
CREB3,ZNF516,activator
CREB3,TG,activator
CREB3,CPT1A,activator
CREB3,G6PC3,activator
CREB3,PCK2,activator
CREB3,VEGFA,activator
CREB3,VEGFB,activator
CREB3,NCEH1,activator
CREB3,CDKN1A,activator
CREB3,POMC,activator
CREB3,FOSB,activator
CREB3,CXCL8,activator
CREB3,PCNA,activator
CREB3,PTGER4,activator
CREB3L1,FOS,activator
CREB3L1,JUN,activator
CREB3L1,BCL2,activator
CREB3L1,MCL1,activator
CREB3L1,ZNF516,activator
CREB3L1,TG,activator
CREB3L1,CPT1A,activator
CREB3L1,G6PC3,activator
CREB3L1,PCK2,activator
CREB3L1,VEGFA,activator
CREB3L1,VEGFB,activator
CREB3L1,NCEH1,activator
CREB3L1,CDKN1A,activator
CREB3L1,POMC,activator
CREB3L1,FOSB,activator
CREB3L1,CXCL8,activator
CREB3L1,PCNA,activator
CREB3L1,PTGER4,activator
CREB3L2,FOS,activator
CREB3L2,JUN,activator
CREB3L2,BCL2,activator
CREB3L2,MCL1,activator
CREB3L2,ZNF516,activator
CREB3L2,TG,activator
CREB3L2,CPT1A,activator
CREB3L2,G6PC3,activator
CREB3L2,PCK2,activator
CREB3L2,VEGFA,activator
CREB3L2,VEGFB,activator
CREB3L2,NCEH1,activator
CREB3L2,CDKN1A,activator
CREB3L2,POMC,activator
CREB3L2,FOSB,activator
CREB3L2,CXCL8,activator
CREB3L2,PCNA,activator
CREB3L2,PTGER4,activator
CREB5,FOS,activator
CREB5,JUN,activator
CREB5,BCL2,activator
CREB5,MCL1,activator
CREB5,ZNF516,activator
CREB5,TG,activator
CREB5,CPT1A,activator
CREB5,G6PC3,activator
CREB5,PCK2,activator
CREB5,VEGFA,activator
CREB5,VEGFB,activator
CREB5,NCEH1,activator
CREB5,CDKN1A,activator
CREB5,POMC,activator
CREB5,FOSB,activator
CREB5,CXCL8,activator
CREB5,PCNA,activator
CREB5,PTGER4,activator
CREBBP,ALDOA,activator
CREBBP,ANGPT1,activator
CREBBP,BCL2,activator
CREBBP,CDKN1A,activator
CREBBP,CDKN1B,activator
CREBBP,EGF,activator
CREBBP,ENO1,activator
CREBBP,ENO2,activator
CREBBP,ENO3,activator
CREBBP,GAPDH,activator
CREBBP,HK1,activator
CREBBP,HK2,activator
CREBBP,HK3,activator
CREBBP,HMOX1,activator
CREBBP,LDHA,activator
CREBBP,LTBR,activator
CREBBP,NPPA,activator
CREBBP,PDK1,activator
CREBBP,PFKFB3,activator
CREBBP,PFKL,activator
CREBBP,PGK1,activator
CREBBP,SLC2A1,activator
CREBBP,TFRC,activator
CREBBP,TIMP1,activator
CREBBP,VEGFA,activator
CREBBP,CPT1A,activator
CREBBP,G6PC3,activator
CREBBP,PCK2,activator
CRTC2,PCK2,activator
CRTC2,CPT1A,activator
CRTC2,G6PC3,activator
CTNNB1,CCND2,activator
CTNNB1,CCND3,activator
CTNNB1,MYC,activator
CTNNB1,CREB1,activator
CTNNB1,JUN,activator
CTNNB1,VEGFA,activator
E2F1,BNIP3,activator
E2F1,FOXM1,activator
E2F1,MYBL2,activator
E2F1,CCNA2,activator
E2F2,FOXM1,activator
E2F2,MYBL2,activator
E2F3,FOXM1,activator
E2F3,MYBL2,activator
E2F4,MYC,repressor
E2F4,FOXM1,activator
E2F4,MYBL2,activator
EGR1,CCL5,activator
EIF4EBP2,HSPA1A,activator
EIF4EBP2,HSPA1B,activator
EIF4EBP2,HSPA1L,activator
EIF4EBP2,HSPA6,activator
EIF4EBP2,HSPA8,activator
EIF4EBP2,SOD1,activator
EIF4EBP2,SOD2,activator
ELK1,BIRC2,activator
ELK1,BIRC3,activator
ELK1,CCND2,activator
ELK1,CCND3,activator
ELK1,EGR1,activator
ELK1,FOS,activator
ELK1,XIAP,activator
ELK1,EGR2,activator
ELK1,FOSL1,activator
ELK4,FOS,activator
ELK4,EGR1,activator
ELK4,EGR2,activator
ELK4,FOSL1,activator
EP300,ALDOA,activator
EP300,ANGPT1,activator
EP300,BCL2,activator
EP300,CDKN1A,activator
EP300,CDKN1B,activator
EP300,EGF,activator
EP300,ENO1,activator
EP300,ENO2,activator
EP300,ENO3,activator
EP300,GAPDH,activator
EP300,HK1,activator
EP300,HK2,activator
EP300,HK3,activator
EP300,HMOX1,activator
EP300,LDHA,activator
EP300,LTBR,activator
EP300,NPPA,activator
EP300,PDK1,activator
EP300,PFKFB3,activator
EP300,PFKL,activator
EP300,PGK1,activator
EP300,SLC2A1,activator
EP300,TFRC,activator
EP300,TIMP1,activator
EP300,VEGFA,activator
EP300,CPT1A,activator
EP300,G6PC3,activator
EP300,PCK2,activator
ETS1,CDK4,activator
ETS1,MMP9,activator
ETS1,PGF,activator
ETS1,VEGFA,activator
ETS1,VEGFB,activator
ETS1,EGR1,activator
ETS1,EGR2,activator
ETS1,FOS,activator
ETS1,FOSL1,activator
ETS1,CXCL8,activator
ETS2,EGR1,activator
ETS2,EGR2,activator
ETS2,FOS,activator
ETS2,FOSL1,activator
FOS,CDK4,activator
FOS,MMP9,activator
FOS,PGF,activator
FOS,VEGFA,activator
FOS,VEGFB,activator
FOS,BCL2L11,activator
FOS,FAS,activator
FOS,TP53,activator
FOS,ACP5,activator
FOS,CTSK,activator
FOS,ITGB3,activator
FOS,NFATC1,activator
FOS,CCL3L3,activator
FOS,CCL4,activator
FOS,CCL4L2,activator
FOS,CCL5,activator
FOS,CXCL8,activator
FOS,IL1B,activator
FOS,TNF,activator
FOS,IL12RB1,activator
FOS,IL4R,activator
FOS,TBX21,activator
FOS,CXCL1,activator
FOS,MYC,activator
FOS,PPARD,activator
FOS,CTSL,activator
FOS,ICAM1,activator
FOSB,ACP5,activator
FOSB,CTSK,activator
FOSB,ITGB3,activator
FOSB,NFATC1,activator
FOSB,CDK5,activator
FOSB,NFKB1,activator
FOSB,RELA,activator
FOSB,FOS,repressor
FOSL1,ACP5,activator
FOSL1,CTSK,activator
FOSL1,ITGB3,activator
FOSL1,NFATC1,activator
FOSL2,ACP5,activator
FOSL2,CTSK,activator
FOSL2,ITGB3,activator
FOSL2,NFATC1,activator
FOXO1,FBP1,activator
FOXO1,PCK2,activator
FOXO1,ATG12,activator
FOXO1,ATM,activator
FOXO1,BCL2L11,activator
FOXO1,BCL6,activator
FOXO1,BNIP3,activator
FOXO1,CAT,activator
FOXO1,CCNB1,activator
FOXO1,CCNB2,activator
FOXO1,CCND2,activator
FOXO1,CCNG2,activator
FOXO1,CDKN1A,activator
FOXO1,CDKN1B,activator
FOXO1,CDKN2D,activator
FOXO1,FBXO25,activator
FOXO1,G6PC3,activator
FOXO1,GABARAP,activator
FOXO1,GABARAPL1,activator
FOXO1,GABARAPL2,activator
FOXO1,GADD45A,activator
FOXO1,GADD45B,activator
FOXO1,GADD45G,activator
FOXO1,IL7R,activator
FOXO1,KLF2,activator
FOXO1,PLK1,activator
FOXO1,PLK3,activator
FOXO1,RBL2,activator
FOXO1,S1PR1,activator
FOXO1,S1PR4,activator
FOXO1,SOD2,activator
FOXO1,TNFSF10,activator
FOXO1,ATG5,activator
FOXO1,CPT1A,activator
FOXO3,BCL2L11,activator
FOXO3,ATG12,activator
FOXO3,ATM,activator
FOXO3,BCL6,activator
FOXO3,BNIP3,activator
FOXO3,CAT,activator
FOXO3,CCNB1,activator
FOXO3,CCNB2,activator
FOXO3,CCND2,activator
FOXO3,CCNG2,activator
FOXO3,CDKN1A,activator
FOXO3,CDKN1B,activator
FOXO3,CDKN2D,activator
FOXO3,FBXO25,activator
FOXO3,G6PC3,activator
FOXO3,GABARAP,activator
FOXO3,GABARAPL1,activator
FOXO3,GABARAPL2,activator
FOXO3,GADD45A,activator
FOXO3,GADD45B,activator
FOXO3,GADD45G,activator
FOXO3,IL7R,activator
FOXO3,KLF2,activator
FOXO3,PCK2,activator
FOXO3,PLK1,activator
FOXO3,PLK3,activator
FOXO3,RBL2,activator
FOXO3,S1PR1,activator
FOXO3,S1PR4,activator
FOXO3,SOD2,activator
FOXO3,TNFSF10,activator
FOXO3,ATG5,activator
FOXO3,HSPA1A,activator
FOXO3,HSPA1B,activator
FOXO3,HSPA1L,activator
FOXO3,HSPA6,activator
FOXO3,HSPA8,activator
FOXO3,SOD1,activator
FOXO4,ATG12,activator
FOXO4,ATM,activator
FOXO4,BCL2L11,activator
FOXO4,BCL6,activator
FOXO4,BNIP3,activator
FOXO4,CAT,activator
FOXO4,CCNB1,activator
FOXO4,CCNB2,activator
FOXO4,CCND2,activator
FOXO4,CCNG2,activator
FOXO4,CDKN1A,activator
FOXO4,CDKN1B,activator
FOXO4,CDKN2D,activator
FOXO4,FBXO25,activator
FOXO4,G6PC3,activator
FOXO4,GABARAP,activator
FOXO4,GABARAPL1,activator
FOXO4,GABARAPL2,activator
FOXO4,GADD45A,activator
FOXO4,GADD45B,activator
FOXO4,GADD45G,activator
FOXO4,IL7R,activator
FOXO4,KLF2,activator
FOXO4,PCK2,activator
FOXO4,PLK1,activator
FOXO4,PLK3,activator
FOXO4,RBL2,activator
FOXO4,S1PR1,activator
FOXO4,S1PR4,activator
FOXO4,SOD2,activator
FOXO4,TNFSF10,activator
GLI1,BMP6,activator
GLI1,GLI1,activator
HDAC1,FOS,repressor
HDAC4,MEF2A,repressor
HDAC4,MEF2C,repressor
HDAC4,MEF2D,repressor
HDAC5,MEF2A,repressor
HDAC5,MEF2C,repressor
HDAC5,MEF2D,repressor
HIF1A,PGF,activator
HIF1A,SLC2A1,activator
HIF1A,TGFA,activator
HIF1A,TGFB1,activator
HIF1A,VEGFA,activator
HIF1A,VEGFB,activator
HIF1A,ALDOA,activator
HIF1A,ANGPT1,activator
HIF1A,BCL2,activator
HIF1A,CDKN1A,activator
HIF1A,CDKN1B,activator
HIF1A,EGF,activator
HIF1A,ENO1,activator
HIF1A,ENO2,activator
HIF1A,ENO3,activator
HIF1A,GAPDH,activator
HIF1A,HK1,activator
HIF1A,HK2,activator
HIF1A,HK3,activator
HIF1A,HMOX1,activator
HIF1A,LDHA,activator
HIF1A,LTBR,activator
HIF1A,NPPA,activator
HIF1A,PDK1,activator
HIF1A,PFKFB3,activator
HIF1A,PFKL,activator
HIF1A,PGK1,activator
HIF1A,TFRC,activator
HIF1A,TIMP1,activator
HIF1A,BNIP3,activator
HIF1A,BNIP3L,activator
HIF1A,PFKP,activator
HIF1A,CXCL1,activator
HIF1A,PFKM,activator
HIF1A,PGAM1,activator
HIF1A,PKM,activator
HLA-A,CDKN1A,activator
HLA-B,CDKN1A,activator
HLA-C,CDKN1A,activator
HLA-E,CDKN1A,activator
HLA-F,CDKN1A,activator
HSF1,HSPA1A,activator
HSF1,HSPA1B,activator
HSF1,HSPA1L,activator
HSF1,HSPA6,activator
HSF1,HSPA8,activator
IFNGR1,MARCKSL1,activator
IFNGR2,MARCKSL1,activator
IL12RB1,IL18R1,activator
IL12RB1,IL18RAP,activator
IL6R,SOCS3,activator
INSR,PNPLA2,repressor
IRF3,CD40,activator
IRF3,CD86,activator
IRF3,TNF,activator
IRF3,IFIT1,activator
IRF3,IFIT1B,activator
IRF3,IL15,activator
IRF3,APOBEC3A,activator
IRF3,APOBEC3C,activator
IRF3,APOBEC3F,activator
IRF3,APOBEC3G,activator
IRF3,BST2,activator
IRF3,SAMHD1,activator
IRF3,TRIM5,activator
IRF5,TNF,activator
IRF5,CCL3L3,activator
IRF5,CCL5,activator
IRF5,CXCL8,activator
IRF5,IL1B,activator
IRF7,TNF,activator
IRF7,IFIT1,activator
IRF7,IFIT1B,activator
IRF7,IL15,activator
IRF9,EIF2AK1,activator
IRF9,EIF2AK2,activator
IRF9,EIF2AK3,activator
IRF9,EIF2AK4,activator
IRF9,IFIT1,activator
IRF9,IFIT1B,activator
IRF9,IRF7,activator
IRF9,MX1,activator
IRF9,OAS1,activator
IRF9,OAS2,activator
IRF9,OAS3,activator
IRF9,RSAD2,activator
IRF9,ADAR,activator
IRF9,PML,activator
IRF9,ISG15,activator
JUN,CCND2,activator
JUN,CCND3,activator
JUN,CDK4,activator
JUN,CXCL1,activator
JUN,MMP9,activator
JUN,PGF,activator
JUN,VEGFA,activator
JUN,VEGFB,activator
JUN,BCL2L11,activator
JUN,FAS,activator
JUN,TP53,activator
JUN,ACP5,activator
JUN,CTSK,activator
JUN,ITGB3,activator
JUN,NFATC1,activator
JUN,CCL3L3,activator
JUN,CCL4,activator
JUN,CCL4L2,activator
JUN,CCL5,activator
JUN,CXCL8,activator
JUN,IL1B,activator
JUN,TNF,activator
JUN,IL12RB1,activator
JUN,IL4R,activator
JUN,TBX21,activator
JUN,AGER,activator
JUN,ICAM1,activator
JUN,TGFB1,activator
JUN,THBD,activator
JUN,CDK5,activator
JUN,NFKB1,activator
JUN,RELA,activator
JUN,BCL2,activator
JUN,CD40,activator
JUN,CD44,activator
JUN,CD58,activator
JUN,ENTPD1,activator
JUN,FCER2,activator
JUN,ITGAL,activator
JUN,TNFAIP3,activator
JUN,VIM,activator
JUN,MYC,activator
JUN,PPARD,activator
JUN,CTSL,activator
JUNB,ACP5,activator
JUNB,CTSK,activator
JUNB,ITGB3,activator
JUNB,NFATC1,activator
JUND,ACP5,activator
JUND,CTSK,activator
JUND,ITGB3,activator
JUND,NFATC1,activator
JUND,LRP5,activator
JUP,MYC,activator
JUP,PPARD,activator
KLF2,GSTA1,activator
KLF2,GSTM2,activator
KLF2,GSTM4,activator
KLF2,GSTO1,activator
KLF2,GSTP1,activator
KLF2,HMOX1,activator
KLF2,MGST1,activator
KLF2,MGST2,activator
KLF2,MGST3,activator
KLF2,SQSTM1,activator
KLF2,THBD,activator
KLF2,TXN,activator
KLF2,TXN2,activator
KMT2A,CDKN1B,activator
KMT2A,CDKN2C,activator
KMT2D,CDKN1B,activator
KMT2D,CDKN2C,activator
MAF,IL4R,activator
MAML1,TBX21,activator
MAML1,HES4,activator
MAML1,HES6,activator
MAML2,TBX21,activator
MAML2,HES4,activator
MAML2,HES6,activator
MAML3,TBX21,activator
MAML3,HES4,activator
MAML3,HES6,activator
MAPK1,CDK4,activator
MAPK1,BCL2,activator
MAPK1,EGR1,activator
MAPK1,JAG1,activator
MAPK1,CDKN1A,activator
MAPK1,ELK1,activator
MAPK1,FOS,activator
MAPK1,JUN,activator
MAPK1,MEF2C,activator
MAPK1,PTGS2,activator
MAPK1,MMP9,activator
MAPK1,VEGFA,activator
MAPK1,VEGFB,activator
MAPK1,CXCL8,activator
MAPK1,IL18,activator
MAPK1,IL1B,activator
MAPK1,TNF,activator
MAPK1,PLAUR,activator
MAPK13,CXCL1,activator
MAPK13,IRF4,activator
MAPK13,RORA,activator
MAPK13,CXCL8,activator
MAPK13,IL18,activator
MAPK13,IL1B,activator
MAPK13,TNF,activator
MAPK14,CXCL1,activator
MAPK14,IRF4,activator
MAPK14,RORA,activator
MAPK14,CXCL8,activator
MAPK14,IL18,activator
MAPK14,IL1B,activator
MAPK14,TNF,activator
MAPK3,CDK4,activator
MAPK3,BCL2,activator
MAPK3,EGR1,activator
MAPK3,JAG1,activator
MAPK3,CDKN1A,activator
MAPK3,ELK1,activator
MAPK3,FOS,activator
MAPK3,JUN,activator
MAPK3,MEF2C,activator
MAPK3,PTGS2,activator
MAPK3,MMP9,activator
MAPK3,VEGFA,activator
MAPK3,VEGFB,activator
MAPK3,CXCL8,activator
MAPK3,IL18,activator
MAPK3,IL1B,activator
MAPK3,TNF,activator
MAPK3,PLAUR,activator
MAPK7,ELK1,activator
MAPK7,FOS,activator
MAPK7,JUN,activator
MAPK7,MEF2C,activator
MAPK7,PTGS2,activator
MAPK8,IL1B,activator
MAPK8,TNF,activator
MAPK8,CXCL8,activator
MAPK8,IL18,activator
MAPK9,IL1B,activator
MAPK9,TNF,activator
MAPK9,CXCL8,activator
MAPK9,IL18,activator
MAX,CDK4,activator
MAX,CDK6,activator
MAX,CKS1B,activator
MAX,CKS2,activator
MEF2A,KLF2,activator
MEF2C,KLF2,activator
MEF2D,KLF2,activator
MEN1,CDKN1B,activator
MEN1,CDKN2C,activator
MLX,PKLR,activator
MLXIP,PKLR,activator
MTOR,IRF4,activator
MTOR,RORA,activator
MYC,CDK4,activator
MYC,CDK6,activator
MYC,CKS1B,activator
MYC,MMP9,activator
MYC,PGF,activator
MYC,VEGFA,activator
MYC,VEGFB,activator
MYC,CCND2,activator
MYC,CKS2,activator
MYC,CXCL8,activator
MYC,GLS,activator
MYC,HK1,activator
MYC,HK2,activator
MYC,HK3,activator
MYC,LDHA,activator
MYC,PGAM1,activator
MYC,PKM,activator
MYC,SLC1A5,activator
MYC,SLC2A1,activator
MYD88,CXCL1,activator
MYD88,CXCL8,activator
MYD88,IL1B,activator
MYD88,TNF,activator
NACA,LRP5,activator
NCOA1,BCL2,activator
NCOA1,CTSD,activator
NCOA1,EBAG9,activator
NCOA1,KRT10,activator
NCOA1,KRT23,activator
NCOA1,RARA,activator
NCOA1,TGFA,activator
NCOA1,MYC,activator
NCOA1,PPARD,activator
NCOA2,BCL2,activator
NCOA2,CTSD,activator
NCOA2,EBAG9,activator
NCOA2,KRT10,activator
NCOA2,KRT23,activator
NCOA2,RARA,activator
NCOA2,TGFA,activator
NCOA3,BCL2,activator
NCOA3,CTSD,activator
NCOA3,EBAG9,activator
NCOA3,KRT10,activator
NCOA3,KRT23,activator
NCOA3,RARA,activator
NCOA3,TGFA,activator
NCOA3,MYC,activator
NCOA3,PPARD,activator
NFATC1,F2R,activator
NFATC1,ACP5,activator
NFATC1,CTSK,activator
NFATC1,ITGB3,activator
NFATC1,EGR2,activator
NFATC1,EGR3,activator
NFATC1,PTGS2,activator
NFATC1,IL12RB1,activator
NFATC1,IL4R,activator
NFATC1,TBX21,activator
NFATC1,CDK4,activator
NFATC1,TNF,activator
NFATC1,RCAN1,activator
NFATC1,RGS2,activator
NFATC1,CXCL8,activator
NFATC1,CXCL1,activator
NFATC2,PTGS2,activator
NFATC2,EGR2,activator
NFATC2,EGR3,activator
NFATC2,IL12RB1,activator
NFATC2,IL4R,activator
NFATC2,TBX21,activator
NFATC2,CDK4,activator
NFATC2,TNF,activator
NFATC2,RCAN1,activator
NFATC2,RGS2,activator
NFATC2,CXCL8,activator
NFATC2,CXCL1,activator
NFATC3,EGR2,activator
NFATC3,EGR3,activator
NFATC3,PTGS2,activator
NFATC3,IL12RB1,activator
NFATC3,IL4R,activator
NFATC3,TBX21,activator
NFATC3,CDK4,activator
NFATC3,TNF,activator
NFATC3,RCAN1,activator
NFATC3,RGS2,activator
NFATC3,CXCL8,activator
NFATC3,CXCL1,activator
NFE2L2,GSTA1,activator
NFE2L2,GSTM2,activator
NFE2L2,GSTM4,activator
NFE2L2,GSTO1,activator
NFE2L2,GSTP1,activator
NFE2L2,HMOX1,activator
NFE2L2,MGST1,activator
NFE2L2,MGST2,activator
NFE2L2,MGST3,activator
NFE2L2,TXNRD1,activator
NFE2L2,TXNRD2,activator
NFE2L2,SQSTM1,activator
NFE2L2,THBD,activator
NFE2L2,TXN,activator
NFE2L2,TXN2,activator
NFKB1,BCL2,activator
NFKB1,BCL2L1,activator
NFKB1,BIRC2,activator
NFKB1,BIRC3,activator
NFKB1,CCL5,activator
NFKB1,CXCL1,activator
NFKB1,PGF,activator
NFKB1,PTGS2,activator
NFKB1,SOCS3,activator
NFKB1,TRAF1,activator
NFKB1,TRAF2,activator
NFKB1,TRAF3,activator
NFKB1,TRAF4,activator
NFKB1,TRAF5,activator
NFKB1,TRAF6,activator
NFKB1,VEGFA,activator
NFKB1,VEGFB,activator
NFKB1,XIAP,activator
NFKB1,IL1B,activator
NFKB1,TNF,activator
NFKB1,BCL2A1,activator
NFKB1,CCL4,activator
NFKB1,CCL4L2,activator
NFKB1,CFLAR,activator
NFKB1,CXCL8,activator
NFKB1,GADD45B,activator
NFKB1,NFKB2,activator
NFKB1,NFKBIA,activator
NFKB1,TNFAIP3,activator
NFKB1,HIF1A,activator
NFKB1,MYB,activator
NFKB1,BIRC5,activator
NFKB1,GADD45A,activator
NFKB1,GADD45G,activator
NFKB1,NFATC1,activator
NFKB1,CCL3L3,activator
NFKB1,IL12RB1,activator
NFKB1,IL4R,activator
NFKB1,TBX21,activator
NFKB1,CDK4,activator
NFKB1,MMP9,activator
NFKB1,AGER,activator
NFKB1,ICAM1,activator
NFKB1,THBD,activator
NFKB1,CEBPB,activator
NFKB1,CEBPG,activator
NFKB1,IL18,activator
NFKB1,IL15,activator
NFKB1,IL15RA,activator
NFKB1,CD40,activator
NFKB1,CD44,activator
NFKB1,CD58,activator
NFKB1,ENTPD1,activator
NFKB1,FCER2,activator
NFKB1,ITGAL,activator
NFKB1,VIM,activator
NFKB1,CTSL,activator
NFKB2,BCL2,activator
NFKB2,BCL2L1,activator
NFKB2,BIRC2,activator
NFKB2,BIRC3,activator
NFKB2,PTGS2,activator
NFKB2,TRAF1,activator
NFKB2,TRAF2,activator
NFKB2,TRAF3,activator
NFKB2,TRAF4,activator
NFKB2,TRAF5,activator
NFKB2,TRAF6,activator
NFKB2,XIAP,activator
NFKB2,ICAM1,activator
NFKB2,TNFSF13B,activator
NFKB2,NFATC1,activator
NFKB2,IL15,activator
NFKB2,IL15RA,activator
NFKB2,CD40,activator
NFKB2,CD44,activator
NFKB2,CD58,activator
NFKB2,ENTPD1,activator
NFKB2,FCER2,activator
NFKB2,ITGAL,activator
NFKB2,TNFAIP3,activator
NFKB2,VIM,activator
NFX1,NOTCH1,activator
NFX1,NOTCH2,activator
NFYA,CD74,activator
NFYA,HLA-DMA,activator
NFYA,HLA-DMB,activator
NFYA,HLA-DOA,activator
NFYA,HLA-DPA1,activator
NFYA,HLA-DPB1,activator
NFYA,HLA-DQA1,activator
NFYA,HLA-DQA2,activator
NFYA,HLA-DQB1,activator
NFYA,HLA-DRA,activator
NFYA,HLA-DRB1,activator
NFYA,HLA-DRB5,activator
NFYB,CD74,activator
NFYB,HLA-DMA,activator
NFYB,HLA-DMB,activator
NFYB,HLA-DOA,activator
NFYB,HLA-DPA1,activator
NFYB,HLA-DPB1,activator
NFYB,HLA-DQA1,activator
NFYB,HLA-DQA2,activator
NFYB,HLA-DQB1,activator
NFYB,HLA-DRA,activator
NFYB,HLA-DRB1,activator
NFYB,HLA-DRB5,activator
NFYC,CD74,activator
NFYC,HLA-DMA,activator
NFYC,HLA-DMB,activator
NFYC,HLA-DOA,activator
NFYC,HLA-DPA1,activator
NFYC,HLA-DPB1,activator
NFYC,HLA-DQA1,activator
NFYC,HLA-DQA2,activator
NFYC,HLA-DQB1,activator
NFYC,HLA-DRA,activator
NFYC,HLA-DRB1,activator
NFYC,HLA-DRB5,activator
NOTCH1,HES4,activator
NOTCH1,HES6,activator
NOTCH1,ERBB2,activator
NOTCH2,HES4,activator
NOTCH2,HES6,activator
NOTCH2,ERBB2,activator
NR1H3,SREBF1,activator
NR1H3,CDK4,activator
NR1H3,MYC,activator
NR4A1,NCEH1,activator
NR4A1,POMC,activator
PBX1,NCEH1,activator
PIK3CA,HIF1A,activator
PIK3CB,HIF1A,activator
PIK3CD,HIF1A,activator
PIK3R1,HIF1A,activator
PML,JUP,activator
PML,BCL2A1,repressor
PML,CEBPE,repressor
PML,MYC,activator
PML,RARA,activator
PML,ZBTB16,activator
PPARA,ACAA1,activator
PPARA,ACADM,activator
PPARA,ACOX1,activator
PPARA,ACOX3,activator
PPARA,ACSL1,activator
PPARA,ACSL3,activator
PPARA,ACSL4,activator
PPARA,ACSL5,activator
PPARA,ACSL6,activator
PPARA,CPT1A,activator
PPARA,CPT2,activator
PPARA,DBI,activator
PPARA,FADS2,activator
PPARA,NR1H3,activator
PPARA,PLTP,activator
PPARA,SCD,activator
PPARA,SCP2,activator
PPARA,SLC27A1,activator
PPARA,SLC27A4,activator
PPARA,G6PC3,activator
PPARA,PCK2,activator
PPARA,CDK4,activator
PPARA,MYC,activator
PPARD,ACOX1,activator
PPARD,ACOX3,activator
PPARD,CPT1A,activator
PPARD,PDPK1,activator
PPARD,UBC,activator
PRKAA1,KLF2,activator
PRKAA1,SPHK1,repressor
PRKAA1,SPHK2,repressor
PRKAB1,KLF2,activator
PRKAB1,SPHK1,repressor
PRKAB1,SPHK2,repressor
PRKAB2,KLF2,activator
PRKAB2,SPHK1,repressor
PRKAB2,SPHK2,repressor
PRKACA,EHMT1,activator
PRKACA,EHMT2,activator
PRKACA,AKR1C3,activator
PRKACA,HSD17B7,activator
PRKACA,NR4A2,activator
PRKACB,EHMT1,activator
PRKACB,EHMT2,activator
PRKACB,AKR1C3,activator
PRKACB,HSD17B7,activator
PRKACB,NR4A2,activator
PRKAG2,KLF2,activator
PRKAG2,SPHK1,repressor
PRKAG2,SPHK2,repressor
PSEN1,NOTCH1,activator
PSEN1,NOTCH2,activator
RARA,JUP,activator
RARA,BCL2A1,repressor
RARA,CEBPE,repressor
RARA,DUSP6,repressor
RARA,MYC,activator
RARA,RARA,activator
RARA,ZBTB16,activator
RBBP5,CDKN1B,activator
RBBP5,CDKN2C,activator
RBL2,MYC,repressor
RBPJ,PTCRA,activator
RBPJ,TBX21,activator
RBPJ,HES4,activator
RBPJ,HES6,activator
RBPJ,FCER2,activator
RBPJ,MYC,activator
RBPJ,RUNX3,activator
RELA,BCL2,activator
RELA,BCL2L1,activator
RELA,BIRC2,activator
RELA,BIRC3,activator
RELA,CCL5,activator
RELA,CXCL1,activator
RELA,PGF,activator
RELA,PTGS2,activator
RELA,SOCS3,activator
RELA,TRAF1,activator
RELA,TRAF2,activator
RELA,TRAF3,activator
RELA,TRAF4,activator
RELA,TRAF5,activator
RELA,TRAF6,activator
RELA,VEGFA,activator
RELA,VEGFB,activator
RELA,XIAP,activator
RELA,IL1B,activator
RELA,TNF,activator
RELA,BCL2A1,activator
RELA,CCL4,activator
RELA,CCL4L2,activator
RELA,CXCL8,activator
RELA,GADD45B,activator
RELA,NFKB2,activator
RELA,NFKBIA,activator
RELA,TNFAIP3,activator
RELA,HIF1A,activator
RELA,BNIP3,repressor
RELA,MYB,activator
RELA,BIRC5,activator
RELA,CFLAR,activator
RELA,GADD45A,activator
RELA,GADD45G,activator
RELA,NFATC1,activator
RELA,CCL3L3,activator
RELA,IL12RB1,activator
RELA,IL4R,activator
RELA,TBX21,activator
RELA,CDK4,activator
RELA,MMP9,activator
RELA,AGER,activator
RELA,ICAM1,activator
RELA,THBD,activator
RELA,CEBPB,activator
RELA,CEBPG,activator
RELA,IL18,activator
RELA,IL15,activator
RELA,IL15RA,activator
RELA,CD40,activator
RELA,CD44,activator
RELA,CD58,activator
RELA,ENTPD1,activator
RELA,FCER2,activator
RELA,ITGAL,activator
RELA,VIM,activator
RELA,CTSL,activator
RELB,ICAM1,activator
RELB,TNFSF13B,activator
RELB,NFATC1,activator
RELB,IL1B,activator
RELB,BCL2L1,activator
RELB,IL15,activator
RELB,IL15RA,activator
RELB,XIAP,activator
RELB,BCL2,activator
RELB,CD40,activator
RELB,CD44,activator
RELB,CD58,activator
RELB,ENTPD1,activator
RELB,FCER2,activator
RELB,ITGAL,activator
RELB,TNFAIP3,activator
RELB,VIM,activator
RFX5,CD74,activator
RFX5,HLA-DMA,activator
RFX5,HLA-DMB,activator
RFX5,HLA-DOA,activator
RFX5,HLA-DPA1,activator
RFX5,HLA-DPB1,activator
RFX5,HLA-DQA1,activator
RFX5,HLA-DQA2,activator
RFX5,HLA-DQB1,activator
RFX5,HLA-DRA,activator
RFX5,HLA-DRB1,activator
RFX5,HLA-DRB5,activator
RFXANK,CD74,activator
RFXANK,HLA-DMA,activator
RFXANK,HLA-DMB,activator
RFXANK,HLA-DOA,activator
RFXANK,HLA-DPA1,activator
RFXANK,HLA-DPB1,activator
RFXANK,HLA-DQA1,activator
RFXANK,HLA-DQA2,activator
RFXANK,HLA-DQB1,activator
RFXANK,HLA-DRA,activator
RFXANK,HLA-DRB1,activator
RFXANK,HLA-DRB5,activator
RPS6KA5,MYC,activator
RUNX1,JUP,activator
RXRA,ACAA1,activator
RXRA,ACADM,activator
RXRA,ACOX1,activator
RXRA,ACOX3,activator
RXRA,ACSL1,activator
RXRA,ACSL3,activator
RXRA,ACSL4,activator
RXRA,ACSL5,activator
RXRA,ACSL6,activator
RXRA,CD36,activator
RXRA,CPT1A,activator
RXRA,CPT2,activator
RXRA,CYP27A1,activator
RXRA,DBI,activator
RXRA,FADS2,activator
RXRA,GK,activator
RXRA,NR1H3,activator
RXRA,OLR1,activator
RXRA,PCK2,activator
RXRA,PDPK1,activator
RXRA,PLTP,activator
RXRA,SCD,activator
RXRA,SCP2,activator
RXRA,SLC27A1,activator
RXRA,SLC27A4,activator
RXRA,SORBS1,activator
RXRA,UBC,activator
RXRA,PLIN2,activator
RXRA,PLIN4,activator
RXRA,PLIN5,activator
RXRA,SREBF1,activator
RXRA,CDK4,activator
RXRA,MYC,activator
RXRB,ACAA1,activator
RXRB,ACADM,activator
RXRB,ACOX1,activator
RXRB,ACOX3,activator
RXRB,ACSL1,activator
RXRB,ACSL3,activator
RXRB,ACSL4,activator
RXRB,ACSL5,activator
RXRB,ACSL6,activator
RXRB,CD36,activator
RXRB,CPT1A,activator
RXRB,CPT2,activator
RXRB,CYP27A1,activator
RXRB,DBI,activator
RXRB,FADS2,activator
RXRB,GK,activator
RXRB,NR1H3,activator
RXRB,OLR1,activator
RXRB,PCK2,activator
RXRB,PDPK1,activator
RXRB,PLTP,activator
RXRB,SCD,activator
RXRB,SCP2,activator
RXRB,SLC27A1,activator
RXRB,SLC27A4,activator
RXRB,SORBS1,activator
RXRB,UBC,activator
RXRB,PLIN2,activator
RXRB,PLIN4,activator
RXRB,PLIN5,activator
SIRT1,FOS,repressor
SMAD2,CDKN1A,activator
SMAD2,MYC,repressor
SMAD2,ACTA2,activator
SMAD2,CDH1,activator
SMAD2,SPHK1,activator
SMAD2,SPHK2,activator
SMAD2,SMAD7,activator
SMAD2,IL12RB1,activator
SMAD2,RORA,activator
SMAD2,MYC,activator
SMAD3,CDKN1A,activator
SMAD3,MYC,repressor
SMAD3,ACTA2,activator
SMAD3,CDH1,activator
SMAD3,SPHK1,activator
SMAD3,SPHK2,activator
SMAD3,SMAD7,activator
SMAD3,IL12RB1,activator
SMAD3,RORA,activator
SMAD3,MYC,activator
SMAD4,CDKN1A,activator
SMAD4,ID1,activator
SMAD4,ID2,activator
SMAD4,MYC,repressor
SMAD4,SMAD7,activator
SMAD4,IL12RB1,activator
SMAD4,RORA,activator
SMAD5,ID1,activator
SMAD5,ID2,activator
SOS1,BCL2L1,activator
SOS1,CCND2,activator
SOS1,CCND3,activator
SOS1,MYC,activator
SOS1,SPRED2,activator
SOS2,BCL2L1,activator
SOS2,CCND2,activator
SOS2,CCND3,activator
SOS2,MYC,activator
SOS2,SPRED2,activator
SP1,BNIP3L,activator
SP1,NCEH1,activator
SP1,MYC,activator
SP1,PPARD,activator
SPI1,EGR1,activator
SPI1,EGR2,activator
SPI1,FOS,activator
SPI1,FOSL1,activator
SPI1,CD14,activator
SPI1,FCGR1A,activator
SPI1,ITGAM,activator
SREBF1,ACACA,activator
SREBF1,FASN,activator
SREBF1,SCD,activator
SRF,FOS,activator
SRF,EGR1,activator
SRF,EGR2,activator
SRF,FOSL1,activator
STAT1,CCND2,activator
STAT1,CCND3,activator
STAT1,MYC,activator
STAT1,PGF,activator
STAT1,PIM1,activator
STAT1,SOCS1,activator
STAT1,SOCS2,activator
STAT1,SOCS3,activator
STAT1,SOCS4,activator
STAT1,SOCS5,activator
STAT1,SOCS7,activator
STAT1,VEGFA,activator
STAT1,VEGFB,activator
STAT1,EIF2AK2,activator
STAT1,RIPK1,activator
STAT1,BCL2,activator
STAT1,BCL2L1,activator
STAT1,CDKN1A,activator
STAT1,CISH,activator
STAT1,MCL1,activator
STAT1,IL12RB1,activator
STAT1,TBX21,activator
STAT1,IRF1,activator
STAT1,HLA-DMA,activator
STAT1,HLA-DMB,activator
STAT1,HLA-DOA,activator
STAT1,HLA-DPA1,activator
STAT1,HLA-DPB1,activator
STAT1,HLA-DQA1,activator
STAT1,HLA-DQA2,activator
STAT1,HLA-DQB1,activator
STAT1,HLA-DRA,activator
STAT1,HLA-DRB1,activator
STAT1,HLA-DRB5,activator
STAT1,CIITA,activator
STAT1,MYD88,activator
STAT1,ISG15,activator
STAT1,MX1,activator
STAT1,OASL,activator
STAT1,IRF7,activator
STAT1,OAS1,activator
STAT1,OAS2,activator
STAT1,OAS3,activator
STAT2,CCND2,activator
STAT2,CCND3,activator
STAT2,MYC,activator
STAT2,PIM1,activator
STAT2,SOCS1,activator
STAT2,SOCS2,activator
STAT2,SOCS3,activator
STAT2,SOCS4,activator
STAT2,SOCS5,activator
STAT2,SOCS7,activator
STAT2,EIF2AK2,activator
STAT2,RIPK1,activator
STAT2,BCL2,activator
STAT2,BCL2L1,activator
STAT2,CDKN1A,activator
STAT2,CISH,activator
STAT2,MCL1,activator
STAT2,MYD88,activator
STAT2,ISG15,activator
STAT2,MX1,activator
STAT2,OASL,activator
STAT2,IRF7,activator
STAT2,OAS1,activator
STAT2,OAS2,activator
STAT2,OAS3,activator
STAT3,CCND2,activator
STAT3,CCND3,activator
STAT3,CPT1A,activator
STAT3,MYC,activator
STAT3,PGF,activator
STAT3,PIM1,activator
STAT3,PIM2,activator
STAT3,SOCS1,activator
STAT3,SOCS2,activator
STAT3,SOCS3,activator
STAT3,SOCS4,activator
STAT3,SOCS5,activator
STAT3,SOCS7,activator
STAT3,VEGFA,activator
STAT3,VEGFB,activator
STAT3,HIF1A,activator
STAT3,EIF2AK2,activator
STAT3,RIPK1,activator
STAT3,KLF4,activator
STAT3,BCL2,activator
STAT3,BCL2L1,activator
STAT3,CDKN1A,activator
STAT3,CISH,activator
STAT3,MCL1,activator
STAT3,IL12RB1,activator
STAT3,RORA,activator
STAT3,IRF1,activator
STAT3,NFATC1,activator
STAT3,PTGS2,activator
STAT4,CCND2,activator
STAT4,CCND3,activator
STAT4,MYC,activator
STAT4,PIM1,activator
STAT4,SOCS1,activator
STAT4,SOCS2,activator
STAT4,SOCS3,activator
STAT4,SOCS4,activator
STAT4,SOCS5,activator
STAT4,SOCS7,activator
STAT4,EIF2AK2,activator
STAT4,RIPK1,activator
STAT4,BCL2,activator
STAT4,BCL2L1,activator
STAT4,CDKN1A,activator
STAT4,CISH,activator
STAT4,MCL1,activator
STAT4,IL12RB1,activator
STAT4,TBX21,activator
STAT5A,BCL2L1,activator
STAT5A,CCND2,activator
STAT5A,CCND3,activator
STAT5A,MYC,activator
STAT5A,PIM1,activator
STAT5A,PIM2,activator
STAT5A,SOCS1,activator
STAT5A,SOCS2,activator
STAT5A,SOCS3,activator
STAT5A,SOCS4,activator
STAT5A,SOCS5,activator
STAT5A,SOCS7,activator
STAT5A,EIF2AK2,activator
STAT5A,RIPK1,activator
STAT5A,BCL2,activator
STAT5A,CDKN1A,activator
STAT5A,CISH,activator
STAT5A,MCL1,activator
STAT5A,IL4R,activator
STAT5A,IRF1,activator
STAT5B,BCL2L1,activator
STAT5B,CCND2,activator
STAT5B,CCND3,activator
STAT5B,MYC,activator
STAT5B,PIM1,activator
STAT5B,PIM2,activator
STAT5B,SOCS1,activator
STAT5B,SOCS2,activator
STAT5B,SOCS3,activator
STAT5B,SOCS4,activator
STAT5B,SOCS5,activator
STAT5B,SOCS7,activator
STAT5B,EIF2AK2,activator
STAT5B,RIPK1,activator
STAT5B,BCL2,activator
STAT5B,CDKN1A,activator
STAT5B,CISH,activator
STAT5B,MCL1,activator
STAT5B,IL4R,activator
STAT5B,IRF1,activator
STAT6,CCND2,activator
STAT6,CCND3,activator
STAT6,MYC,activator
STAT6,PIM1,activator
STAT6,SOCS1,activator
STAT6,SOCS2,activator
STAT6,SOCS3,activator
STAT6,SOCS4,activator
STAT6,SOCS5,activator
STAT6,SOCS7,activator
STAT6,EIF2AK2,activator
STAT6,RIPK1,activator
STAT6,BCL2,activator
STAT6,BCL2L1,activator
STAT6,CDKN1A,activator
STAT6,CISH,activator
STAT6,MCL1,activator
STAT6,IL4R,activator
TBX21,IL12RB1,activator
TCF3,BAX,activator
TCF3,CDKN2C,activator
TCF3,LCK,activator
TCF3,POLB,activator
TCF7,BIRC5,activator
TCF7,CCND2,activator
TCF7,CCND3,activator
TCF7,FOSL1,activator
TCF7,JUN,activator
TCF7,MYC,activator
TCF7,PPARD,activator
TCF7,AXIN1,activator
TCF7,BIRC2,activator
TCF7L2,BIRC5,activator
TCF7L2,CCND2,activator
TCF7L2,CCND3,activator
TCF7L2,FOSL1,activator
TCF7L2,JUN,activator
TCF7L2,MYC,activator
TCF7L2,PPARD,activator
TCF7L2,AXIN1,activator
TCF7L2,BIRC2,activator
TFDP1,MYC,repressor
TFDP2,MYC,repressor
THRA,ATP2A2,activator
THRA,CTNNB1,activator
THRA,NOTCH1,activator
THRA,NOTCH2,activator
TICAM1,CCL5,activator
TLR2,PDCD4,activator
TLR2,TNF,activator
TLR4,PDCD4,activator
TLR4,TNF,activator
TNF,ICAM1,activator
TP53,BAX,activator
TP53,CCNG1,activator
TP53,CCNG2,activator
TP53,CD82,activator
TP53,CDKN1A,activator
TP53,DDB2,activator
TP53,EI24,activator
TP53,FAS,activator
TP53,GADD45A,activator
TP53,GADD45B,activator
TP53,GADD45G,activator
TP53,GTSE1,activator
TP53,PMAIP1,activator
TP53,PPM1D,activator
TP53,PTEN,activator
TP53,RCHY1,activator
TP53,RRM2,activator
TP53,RRM2B,activator
TP53,SESN1,activator
TP53,SESN2,activator
TP53,SESN3,activator
TP53,SFN,activator
TP53,SHISA5,activator
TP53,SIAH1,activator
TP53,STEAP3,activator
TP53,THBS1,activator
TP53,TNFRSF10B,activator
TP53,TP53I3,activator
TP53,TSC2,activator
TP53,ZMAT3,activator
TP53,BAK1,activator
TP53,BBC3,activator
TP53,COP1,activator
TP53,PIDD1,activator
TP53,SIVA1,activator
TP53,BNIP3L,activator
TP53,APAF1,activator
TP53,BID,activator
TP53,SAT1,activator
TP53,SAT2,activator
TP53,CDKN1B,activator
TP53,POLK,activator
TTF1,TG,activator
TTF2,TG,activator
U2AF1,CXCL8,repressor
VDR,SLC8A1,activator
VDR,ATP2B1,activator
WDR5,CDKN1B,activator
WDR5,CDKN2C,activator
WDR5B,CDKN1B,activator
WDR5B,CDKN2C,activator
XBP1,CEBPA,activator
ZBTB16,JUP,activator
ZBTB16,DUSP6,repressor
