11	778
11	5144
56	778
56	805
56	813
56	1217
56	1375
56	1831
56	2936
56	4002
56	4002
56	6069
56	8846
226	1222
226	1946
226	5850
226	6877
237	226
237	5397
237	7248
413	260
413	2236
413	5144
413	5651
413	6552
413	7540
416	5396
416	6847
511	6182
549	1359
549	1946
549	2924
549	3503
549	4002
610	2961
610	2961
610	4583
610	7667
611	612
611	4015
611	4002
611	6210
611	6847
611	6863
611	8148
611	8773
612	170
612	171
612	2038
612	3088
612	3666
612	4261
613	612
613	633
613	1396
613	2038
613	2039
613	3632
613	3916
613	4583
613	5301
613	7604
613	7620
613	7620
613	7621
613	8931
613	9361
614	805
614	1218
614	1794
614	3666
615	2220
615	4548
615	5583
615	7270
615	8171
615	9452
617	8331
639	778
639	805
639	1467
639	1467
639	2308
639	2761
639	2932
639	3018
639	4686
639	6180
639	6595
639	6595
639	7717
639	7998
639	8474
639	8781
639	9361
712	3420
757	3566
757	3566
804	3053
812	1861
812	5396
813	807
813	813
813	1217
813	1375
813	2819
813	3449
813	3914
813	4386
813	5144
813	5396
813	5868
813	8270
813	9524
892	599
892	639
892	1375
892	1376
892	1881
892	1916
892	2034
892	2038
892	2348
892	2549
892	3018
892	3018
892	3571
892	3632
892	3916
892	3918
892	4084
892	4713
892	6978
892	7620
892	8174
892	8175
892	9361
899	896
899	897
899	2346
919	2283
919	8420
928	57
928	639
928	5396
933	8035
1134	9889
1147	1346
1148	1375
1395	805
1395	1834
1395	2468
1395	3615
1395	3631
1395	3866
1395	3947
1395	5144
1395	7304
1395	7980
1396	174
1396	1375
1396	1834
1396	1849
1396	1919
1396	2984
1396	3088
1396	3100
1396	3810
1396	3866
1396	3914
1396	5731
1396	5845
1396	6372
1396	6552
1396	6552
1396	7304
1396	7663
1396	8777
1396	9524
1397	1916
1397	2038
1397	2038
1397	7984
1397	8777
1398	3053
1398	5144
1398	8037
1400	413
1400	4886
1487	1304
1541	3524
1541	3525
1541	3526
1541	3527
1541	3528
1541	3529
1541	3535
1541	4904
1541	6501
1541	7301
1541	7620
1610	836
1610	1822
1610	1823
1610	5224
1610	5530
1610	5932
1610	5933
1716	1376
1716	9361
1794	71
1794	805
1794	1123
1794	2629
1794	3566
1794	4002
1794	4518
1794	5301
1794	5486
1794	6332
1794	6476
1794	6552
1794	7667
1794	9331
1795	1922
1796	7665
1798	689
1798	2116
1798	2116
1798	4279
1798	4516
1798	4628
1798	5131
1798	6756
1798	6839
1798	8174
1798	8511
1799	293
1799	1375
1799	1794
1799	3508
1799	3907
1799	6501
1803	3631
1805	1208
1805	1213
1805	1270
1805	1794
1805	2308
1805	2924
1805	3004
1857	892
1861	438
1861	438
1861	813
1861	5144
1861	5144
1872	4002
1872	5144
1872	6134
1872	6766
1872	8172
1872	9370
1908	1937
1972	2924
2034	805
2034	7985
2038	611
2038	614
2038	633
2038	1395
2038	4583
2038	7270
2038	7620
2038	7621
2038	8781
2038	8781
2038	8931
2083	805
2083	6382
2093	2575
2236	846
2236	1123
2236	1346
2236	1922
2236	3818
2236	4665
2236	5041
2236	6766
2236	6852
2236	8781
2236	9361
2283	6552
2283	8420
2344	409
2344	588
2344	633
2344	639
2344	726
2344	785
2344	805
2344	846
2344	846
2344	892
2344	1122
2344	1273
2344	1350
2344	1375
2344	1873
2344	1981
2344	1989
2344	2126
2344	2236
2344	2285
2344	2291
2344	2308
2344	2348
2344	2578
2344	2581
2344	2750
2344	2872
2344	2932
2344	3501
2344	3550
2344	3632
2344	3913
2344	3934
2344	4116
2344	4116
2344	4432
2344	4582
2344	4603
2344	4686
2344	4698
2344	4713
2344	4752
2344	5142
2344	5144
2344	5502
2344	5543
2344	5850
2344	5857
2344	5899
2344	6160
2344	6203
2344	6753
2344	6754
2344	6766
2344	6796
2344	7233
2344	7234
2344	7626
2344	7626
2344	7636
2344	8531
2344	8833
2344	8846
2344	8846
2344	8848
2344	8852
2344	9240
2344	9243
2344	9361
2344	9542
2346	726
2346	1375
2347	892
2347	892
2347	3433
2347	4687
2347	6160
2347	6705
2347	8836
2348	409
2348	2344
2349	1213
2350	2479
2400	295
2400	295
2400	612
2400	1364
2400	1375
2400	1919
2400	2352
2400	2549
2400	2761
2400	2819
2400	3088
2400	3503
2400	3607
2400	3724
2400	4261
2400	4405
2400	5139
2400	5207
2400	5889
2400	6119
2400	6541
2400	6552
2400	6777
2400	7789
2400	7984
2400	8186
2400	8441
2400	8756
2400	8773
2400	8791
2400	8846
2400	9183
2400	9361
2400	9361
2402	1131
2402	5207
2409	7284
2409	7591
2472	2817
2472	2898
2472	4757
2473	9354
2474	4904
2475	1919
2475	1919
2475	3422
2475	4904
2475	8846
2476	2419
2476	2663
2476	2926
2476	6476
2476	8781
2478	2924
2479	778
2479	1375
2479	2344
2479	4713
2527	5144
2549	293
2549	846
2549	846
2549	892
2549	1375
2549	1937
2549	2236
2549	2419
2549	3508
2549	4904
2549	5144
2549	5850
2549	6552
2549	8426
2549	8530
2549	8938
2549	9361
2579	778
2579	805
2579	1375
2579	4225
2579	8846
2584	2628
2584	9326
2616	5543
2627	367
2627	778
2627	1116
2627	1310
2627	1532
2627	1834
2627	2358
2627	2400
2627	2898
2627	3232
2627	3816
2627	1545
2627	4248
2627	4713
2627	4904
2627	5139
2627	5306
2627	5450
2627	5800
2627	5800
2627	6923
2627	8425
2627	8426
2627	8510
2627	8666
2627	8795
2628	367
2628	1521
2628	1834
2628	1919
2628	2898
2628	3660
2628	4248
2628	4713
2628	4904
2629	5396
2629	6847
2630	785
2630	1375
2638	8510
2663	182
2663	271
2663	413
2663	1346
2663	1375
2663	1541
2663	3443
2663	4190
2663	5054
2663	5144
2663	5850
2663	5921
2663	6082
2663	7155
2663	7284
2663	7341
2663	8846
2875	1375
2875	1376
2898	2661
2898	2898
2898	2932
2898	3053
2898	3232
2898	3233
2898	3667
2898	8510
2898	8510
2924	1125
2924	1623
2924	1805
2924	2038
2924	2664
2924	2761
2924	2924
2924	3642
2924	4904
2924	4904
2924	5144
2924	5396
2924	6552
2924	7839
2924	8037
2925	1919
2925	8571
2926	3946
2926	3952
2927	813
2927	892
2927	2926
2927	4713
2927	5139
2927	8571
2932	933
2932	1214
2932	1324
2932	5144
2935	170
2935	1376
2935	1922
2935	2400
2935	8791
2935	9121
2936	813
2936	1217
2936	2932
2936	7620
2936	7624
2936	8791
2936	9121
2938	813
2938	1794
2938	3503
2938	7985
2938	8791
2985	2038
2985	4713
3013	8829
3053	204
3053	757
3053	918
3053	1135
3053	1315
3053	1395
3053	1937
3053	1972
3053	2158
3053	2567
3053	2817
3053	3053
3053	3232
3053	3233
3053	3358
3053	3476
3053	8037
3053	8425
3054	1937
3054	2817
3054	3053
3054	5035
3054	8037
3101	778
3102	4750
3145	805
3145	805
3145	1359
3145	2401
3145	2761
3145	7978
3145	8781
3332	3632
3332	7620
3335	761
3419	657
3426	1375
3426	2236
3426	5273
3433	2344
3433	2347
3443	806
3443	845
3443	1217
3443	1264
3443	1290
3443	1306
3443	1346
3443	1375
3443	2344
3443	2400
3443	2419
3443	2924
3443	3535
3443	3632
3443	3660
3443	4141
3443	4904
3443	5850
3443	6552
3443	6852
3443	6919
3443	7284
3443	7284
3443	7998
3443	8846
3443	9121
3444	295
3444	409
3444	1264
3444	1346
3444	1919
3444	2236
3444	4141
3444	7998
3444	8510
3444	8791
3445	295
3445	1346
3445	1922
3445	3054
3445	4002
3445	5144
3446	1375
3446	4002
3446	4002
3446	4749
3446	6552
3446	7283
3446	8514
3446	8515
3446	9361
3447	4749
3447	7717
3447	7721
3447	9597
3449	125
3449	1375
3449	3451
3449	3503
3449	3503
3449	4749
3449	4750
3449	4751
3450	1467
3450	1467
3450	1553
3450	3632
3450	4749
3450	5396
3450	6847
3450	8180
3450	8781
3450	8846
3454	1346
3454	2761
3454	9361
3454	9362
3454	9370
3501	2344
3501	5144
3501	7620
3501	8176
3501	9361
3503	267
3503	278
3503	416
3503	778
3503	840
3503	875
3503	1242
3503	1346
3503	1922
3503	2346
3503	2527
3503	3503
3503	3950
3503	4259
3503	4825
3503	5531
3503	5972
3503	7060
3503	7405
3503	7507
3503	7715
3503	7717
3503	7978
3503	8572
3503	9361
3503	9361
3503	9370
3503	9531
3503	9763
3508	4665
3514	1375
3514	3503
3514	4750
3514	9361
3514	9370
3516	6120
3550	892
3550	1290
3550	1346
3550	3866
3550	3866
3550	6552
3550	7720
3553	3102
3553	8773
3594	2924
3621	634
3621	761
3621	1375
3621	3631
3621	3810
3621	4259
3621	4825
3621	4831
3621	5240
3621	6223
3643	9361
3666	9744
3686	3660
3686	5144
3791	1290
3791	4904
3794	2863
3826	846
3826	3535
3842	778
3842	1119
3842	1375
3842	8846
3843	805
3845	324
3845	532
3845	778
3845	805
3845	1119
3845	1375
3845	1376
3845	1919
3845	6552
3845	7636
3845	8846
3907	805
3907	1122
3907	1214
3907	1289
3907	1350
3907	1359
3907	1362
3907	1375
3907	1389
3907	1541
3907	1937
3907	2296
3907	2344
3907	2420
3907	3524
3907	3699
3907	3908
3907	5139
3907	5276
3907	6496
3907	7978
3907	7979
3907	8363
3907	8791
3908	1541
3908	1922
3908	2296
3908	3707
3908	8363
3913	4661
3913	6591
3913	7979
3914	813
3914	2819
3914	3913
3915	5903
3916	613
3917	1937
3917	3810
3917	5276
3917	5379
3918	1217
3918	1375
3918	1376
3918	5260
3918	6182
3918	7999
3990	612
3990	2038
4002	612
4002	825
4002	892
4002	1306
4002	1375
4002	1805
4002	1831
4002	1887
4002	1919
4002	2038
4002	2627
4002	2664
4002	2761
4002	2926
4002	4002
4002	4259
4002	4278
4002	4623
4002	4657
4002	4751
4002	4904
4002	4904
4002	5144
4002	5224
4002	6119
4002	6275
4002	6552
4002	6743
4002	6745
4002	6919
4002	7839
4002	8037
4002	8209
4002	8773
4002	8788
4002	8846
4002	9360
4002	9361
4003	1306
4003	6552
4004	813
4004	813
4004	2926
4004	3018
4004	3946
4004	3952
4004	4713
4004	4713
4004	5139
4004	5139
4004	6552
4004	7996
4014	1359
4014	1375
4014	1376
4014	3916
4014	6766
4014	7837
4014	9673
4015	2578
4015	3176
4015	3451
4015	8176
4068	3978
4082	3724
4133	1375
4133	6551
4133	8209
4136	4261
4137	1375
4138	1240
4138	1375
4138	1922
4138	8530
4138	9500
4141	612
4141	846
4141	1214
4141	1258
4141	1346
4141	1375
4141	1375
4141	1376
4141	1377
4141	3088
4141	3420
4141	3451
4141	3635
4141	3703
4141	3810
4141	4510
4141	5651
4141	5960
4141	6743
4141	7984
4141	8530
4141	8846
4141	8846
4141	9360
4142	846
4142	1214
4142	1922
4142	2762
4142	3503
4142	3950
4142	4904
4142	5500
4143	612
4143	1375
4143	1448
4143	1981
4143	4904
4143	6180
4143	6584
4145	5871
4145	6180
4258	8440
4300	3503
4402	1346
4402	3357
4402	5384
4402	9673
4403	892
4403	2172
4469	8773
4518	5396
4546	3954
4548	5828
4564	2400
4564	8783
4662	5651
4663	9007
4664	295
4664	3917
4664	7513
4665	3319
4713	2237
4719	6852
4720	726
4749	4002
4749	4618
4749	4622
4749	5541
4749	7721
4750	4002
4750	4002
4750	4622
4750	5531
4751	612
4751	1258
4751	4002
4759	1123
4759	1376
4759	1380
4759	4004
4890	778
4890	1375
4890	4713
4891	778
4891	1375
4891	4713
5071	799
5071	807
5071	1346
5071	6541
5071	7001
5071	7839
5071	8271
5072	1346
5083	3079
5083	4681
5083	6428
5083	7984
5133	6541
5136	5144
5139	805
5139	805
5139	1288
5139	1834
5139	3660
5139	3802
5139	4132
5139	4248
5139	4402
5139	4657
5139	5144
5139	8578
5142	5144
5144	867
5144	899
5144	1217
5144	1282
5144	1286
5144	1327
5144	1362
5144	1368
5144	1375
5144	1375
5144	1395
5144	1467
5144	1922
5144	2355
5144	2932
5144	3053
5144	3444
5144	3524
5144	3525
5144	3526
5144	3538
5144	3539
5144	3570
5144	3571
5144	3890
5144	4003
5144	4192
5144	4259
5144	4898
5144	5054
5144	5306
5144	5388
5144	5483
5144	5651
5144	6180
5144	6380
5144	6534
5144	8103
5144	8145
5144	8147
5144	8282
5144	8283
5144	8503
5144	8781
5144	8846
5144	9158
5144	9361
5144	9514
5144	9535
5184	851
5207	6777
5286	1375
5288	805
5293	2924
5293	3621
5295	2999
5348	1919
5379	2924
5379	5144
5379	8846
5384	3660
5384	7998
5385	4713
5387	1881
5390	892
5390	1131
5390	1919
5390	3079
5390	3313
5390	3313
5390	3566
5390	3566
5390	5091
5390	7984
5390	7985
5392	1375
5393	3551
5393	3920
5393	3941
5393	7898
5394	3810
5394	8791
5395	1375
5395	1494
5396	14
5396	37
5396	202
5396	260
5396	262
5396	295
5396	737
5396	778
5396	805
5396	805
5396	806
5396	807
5396	807
5396	808
5396	812
5396	844
5396	844
5396	845
5396	845
5396	846
5396	1210
5396	1214
5396	1217
5396	1238
5396	1239
5396	1242
5396	1289
5396	1297
5396	1307
5396	1309
5396	1346
5396	1362
5396	1375
5396	1389
5396	1467
5396	1467
5396	1831
5396	1861
5396	1879
5396	1916
5396	1919
5396	1919
5396	1921
5396	1922
5396	2400
5396	2679
5396	2761
5396	2761
5396	3319
5396	3607
5396	3660
5396	3806
5396	3810
5396	3814
5396	3907
5396	3914
5396	3916
5396	4003
5396	4251
5396	4501
5396	4657
5396	4686
5396	4686
5396	4904
5396	4904
5396	5144
5396	5144
5396	5224
5396	5260
5396	5398
5396	5398
5396	5478
5396	5486
5396	5675
5396	5899
5396	6119
5396	6532
5396	6541
5396	6541
5396	6552
5396	6552
5396	6858
5396	6951
5396	7302
5396	7487
5396	7985
5396	8206
5396	8424
5396	8530
5396	8571
5396	8596
5396	8600
5396	8773
5396	8776
5396	8781
5396	8784
5396	8791
5396	8791
5396	8887
5396	8888
5396	8888
5396	9260
5396	9361
5396	9361
5396	9526
5396	9526
5396	9597
5397	1217
5397	1368
5397	3503
5397	7451
5397	7914
5398	1210
5398	1289
5398	1297
5398	2761
5398	3660
5398	3810
5398	5396
5398	5396
5398	6847
5398	6847
5398	7302
5398	8791
5398	8887
5404	4002
5409	1217
5409	1376
5409	2991
5409	3018
5409	5662
5409	8004
5410	1217
5410	1376
5410	2991
5411	1217
5411	1376
5411	2991
5450	121
5450	2924
5450	3723
5519	614
5519	1375
5519	4713
5519	6570
5526	14
5526	36
5527	14
5527	36
5527	836
5530	611
5530	758
5530	778
5530	892
5530	1063
5530	1218
5530	1362
5530	1368
5530	1375
5530	2476
5530	2627
5530	5396
5530	7209
5530	8083
5530	8174
5530	8846
5531	755
5531	1213
5531	1376
5531	2344
5531	4713
5531	7041
5531	8572
5531	8773
5541	1096
5541	1922
5541	2911
5541	2991
5541	3669
5541	6380
5541	6382
5541	8014
5543	7804
5724	828
5744	2344
5800	805
5800	1346
5800	2344
5800	2935
5800	7492
5800	8530
5800	8530
5800	9370
5817	778
5817	805
5817	850
5817	1304
5817	1375
5817	2875
5817	6372
5817	8571
5817	8846
5817	8846
5817	9524
5824	9354
5932	778
5932	805
5990	549
5990	933
6030	6420
6031	610
6108	6570
6117	28
6117	7405
6118	3724
6118	4763
6118	5276
6182	778
6182	1119
6182	1375
6182	2351
6182	2549
6182	3514
6182	5531
6182	6182
6182	8776
6182	8791
6182	9144
6226	2344
6269	8578
6270	3018
6270	3423
6270	6549
6270	8578
6270	9432
6270	9432
6271	8578
6274	110
6274	430
6274	1779
6274	3821
6274	4904
6274	5398
6274	5899
6274	6156
6274	6552
6274	8080
6274	9121
6275	1131
6275	5899
6275	7339
6275	7984
6275	8571
6275	9112
6372	1541
6372	4402
6372	5144
6555	3677
6584	1214
6584	1331
6584	1350
6584	4275
6584	5144
6584	6585
6584	6695
6584	6918
6584	7301
6584	8572
6584	9361
6591	2761
6591	5850
6705	7998
6743	25
6743	1375
6743	3660
6743	6404
6743	7371
6743	8530
6745	3660
6766	892
6766	1375
6766	1375
6766	2126
6766	2237
6766	2344
6766	2345
6766	2346
6766	2355
6766	2924
6766	5144
6766	5850
6766	6766
6766	8492
6766	9361
6768	6766
6774	1346
6777	892
6777	6705
6812	2400
6812	2924
6812	2926
6812	4003
6812	4004
6812	4127
6812	9121
6816	6541
6846	806
6846	845
6846	1375
6846	1849
6846	3810
6846	7985
6846	8776
6847	14
6847	37
6847	202
6847	260
6847	262
6847	295
6847	758
6847	778
6847	805
6847	805
6847	806
6847	807
6847	807
6847	808
6847	812
6847	844
6847	844
6847	845
6847	845
6847	846
6847	1210
6847	1214
6847	1217
6847	1238
6847	1239
6847	1242
6847	1289
6847	1297
6847	1307
6847	1309
6847	1346
6847	1362
6847	1368
6847	1375
6847	1375
6847	1389
6847	1467
6847	1467
6847	1831
6847	1879
6847	1916
6847	1919
6847	1919
6847	1921
6847	1922
6847	2400
6847	2679
6847	2761
6847	2761
6847	3319
6847	3323
6847	3524
6847	3607
6847	3660
6847	3806
6847	3810
6847	3814
6847	3907
6847	3914
6847	3916
6847	4003
6847	4251
6847	4501
6847	4657
6847	4686
6847	4686
6847	4904
6847	4904
6847	5144
6847	5144
6847	5224
6847	5260
6847	5396
6847	5398
6847	5398
6847	5486
6847	5675
6847	5731
6847	5845
6847	5899
6847	6119
6847	6275
6847	6532
6847	6541
6847	6541
6847	6552
6847	6552
6847	6858
6847	6951
6847	7302
6847	7487
6847	7620
6847	7985
6847	8206
6847	8420
6847	8424
6847	8530
6847	8571
6847	8596
6847	8600
6847	8773
6847	8776
6847	8781
6847	8784
6847	8791
6847	8791
6847	8887
6847	8888
6847	8888
6847	8931
6847	9260
6847	9361
6847	9361
6847	9526
6847	9526
6847	9597
6862	1298
6862	4044
6862	8174
6888	4581
6888	5144
6888	5850
6890	4581
7282	1283
7282	3231
7282	3939
7282	4002
7282	4278
7282	5150
7282	5260
7282	5379
7282	8037
7282	8300
7282	9361
7283	2468
7283	4278
7283	7903
7283	9361
7284	1090
7284	1118
7284	1119
7284	1122
7284	1123
7284	1284
7284	1375
7284	1467
7284	2228
7284	2675
7284	3640
7284	3662
7284	3842
7284	3845
7284	3978
7284	4904
7284	5144
7284	5916
7284	7282
7284	8441
7284	8551
7284	8571
7284	8894
7284	9113
7293	14
7293	25
7293	3816
7293	3817
7293	5483
7341	805
7341	1362
7341	1937
7341	4874
7341	8012
7341	8037
7497	7504
7516	8435
7529	1919
7529	8180
7610	2344
7620	804
7620	1153
7620	1346
7620	1375
7620	1467
7620	1872
7620	2398
7620	2663
7620	2936
7620	3503
7620	3621
7620	3654
7620	3660
7620	4686
7620	4904
7620	5144
7620	5251
7620	5500
7620	5932
7620	8781
7620	8846
7620	8846
7620	9514
7620	9531
7621	1375
7621	5357
7630	2875
7630	4713
7634	7839
7722	7721
7836	1217
7836	1375
7836	4904
7836	7839
7836	8506
7836	9360
7837	944
7837	1375
7837	1972
7839	1350
7839	1375
7839	5144
7839	8506
7839	8509
7845	37
7845	1290
7845	1346
7845	1375
7845	2924
7849	1290
7900	4142
7996	5260
7997	1213
7997	1362
7997	1375
7997	1872
7997	8846
7998	14
7998	22
7998	23
7998	25
7998	139
7998	141
7998	3293
7998	226
7998	292
7998	295
7998	416
7998	438
7998	461
7998	657
7998	658
7998	662
7998	747
7998	751
7998	851
7998	899
7998	915
7998	1213
7998	1217
7998	1258
7998	1259
7998	1264
7998	1273
7998	1290
7998	163
7998	1362
7998	1368
7998	1375
7998	1375
7998	1376
7998	1448
7998	1805
7998	1887
7998	1918
7998	1946
7998	1948
7998	1989
7998	2122
7998	2230
7998	2236
7998	2236
7998	2237
7998	2352
7998	2400
7998	2475
7998	2483
7998	2523
7998	2567
7998	2575
7998	2664
7998	2761
7998	2911
7998	2932
7998	2991
7998	3079
7998	3100
7998	3319
7998	3441
7998	3446
7998	3495
7998	3550
7998	3615
7998	3646
7998	3724
7998	3866
7998	3915
7998	3920
7998	3941
7998	3946
7998	3952
7998	4116
7998	4259
7998	4261
7998	4443
7998	4657
7998	4658
7998	4713
7998	4825
7998	4831
7998	4904
7998	4905
7998	4946
7998	5071
7998	5345
7998	5396
7998	5733
7998	5741
7998	6119
7998	6267
7998	6267
7998	6293
7998	6407
7998	6428
7998	6549
7998	6552
7998	6552
7998	6584
7998	6743
7998	6759
7998	6847
7998	6863
7998	7060
7998	7596
7998	7636
7998	7663
7998	7715
7998	7770
7998	7889
7998	7978
7998	7984
7998	7984
7998	7985
7998	8004
7998	8044
7998	8079
7998	8169
7998	8343
7998	8475
7998	8506
7998	8530
7998	8554
7998	8571
7998	8578
7998	8596
7998	8756
7998	8773
7998	8773
7998	8781
7998	8791
7998	8795
7998	9236
7998	9326
7998	9334
7998	9361
7998	9361
7998	9370
7998	9526
7998	9597
7999	2627
8003	1389
8003	2237
8003	4904
8004	14
8004	292
8004	298
8004	915
8004	1273
8004	163
8004	1375
8004	1375
8004	1887
8004	1948
8004	2230
8004	2352
8004	2575
8004	2620
8004	3446
8004	3495
8004	5043
8004	5396
8004	6759
8004	6847
8004	7060
8004	9326
8004	9597
8005	2575
8005	5396
8005	6847
8005	9597
8030	2183
8037	106
8037	293
8037	813
8037	1289
8037	1834
8037	1889
8037	1920
8037	1937
8037	2817
8037	3053
8037	3699
8037	3810
8037	3945
8037	3947
8037	3950
8037	4616
8037	5276
8037	5797
8037	5921
8037	6549
8037	6971
8037	8597
8038	1289
8038	3916
8079	93
8079	807
8079	2761
8079	3920
8079	4261
8079	4440
8080	14
8080	97
8080	3555
8080	4261
8080	4440
8083	1794
8083	2924
8083	2926
8083	8351
8083	9183
8103	5396
8174	1237
8174	1266
8174	1289
8174	1375
8174	1398
8174	1541
8174	2829
8174	3566
8174	3623
8174	3660
8174	3810
8174	3907
8174	3907
8174	3916
8174	3917
8174	3981
8174	4516
8174	4904
8174	5130
8174	6182
8174	6274
8174	6407
8174	6552
8174	7297
8174	8175
8174	8846
8174	9260
8175	3907
8175	6552
8176	805
8176	805
8176	807
8176	807
8176	813
8176	846
8176	1218
8176	1291
8176	1362
8176	1375
8176	1494
8176	1551
8176	1849
8176	2038
8176	2236
8176	2630
8176	2667
8176	2672
8176	2761
8176	2761
8176	2924
8176	3495
8176	3503
8176	3566
8176	3631
8176	3637
8176	3705
8176	3792
8176	3814
8176	3907
8176	3981
8176	4003
8176	4134
8176	4279
8176	4496
8176	4686
8176	4686
8176	4825
8176	4904
8176	5144
8176	5144
8176	5639
8176	5710
8176	5969
8176	6031
8176	6069
8176	6274
8176	6372
8176	6491
8176	6541
8176	6552
8176	6570
8176	7298
8176	7308
8176	7978
8176	7980
8176	8174
8176	8228
8176	8506
8176	8571
8176	8781
8176	9127
8176	9229
8176	9314
8176	9360
8176	9361
8176	9361
8176	9688
8177	5144
8177	6390
8177	7301
8177	7980
8178	813
8178	1217
8178	8270
8179	807
8179	813
8180	293
8180	2819
8180	2924
8180	3811
8180	6552
8180	6918
8180	7451
8180	8174
8180	8597
8262	3810
8328	1375
8338	617
8353	1283
8353	5139
8353	5396
8420	805
8420	2924
8420	2985
8420	5379
8421	5379
8424	6543
8436	1346
8440	785
8440	1346
8440	1368
8440	1375
8440	5144
8440	5144
8441	1585
8441	3466
8441	5144
8441	6134
8441	6541
8441	9361
8441	9370
8443	846
8443	3466
8443	8172
8444	1265
8492	1350
8492	2126
8492	5142
8492	5543
8492	5850
8492	7233
8492	8846
8501	2351
8586	7282
8776	3916
8776	4002
8776	5396
8776	6847
8834	7282
8846	260
8846	612
8846	778
8846	785
8846	805
8846	807
8846	807
8846	812
8846	846
8846	892
8846	1214
8846	1215
8846	1306
8846	1350
8846	1359
8846	1375
8846	1375
8846	1532
8846	1872
8846	1881
8846	2033
8846	2033
8846	2034
8846	2236
8846	2236
8846	2308
8846	2344
8846	2346
8846	2663
8846	2663
8846	2761
8846	2932
8846	3018
8846	3018
8846	3088
8846	3319
8846	3514
8846	3624
8846	3686
8846	3723
8846	3890
8846	4138
8846	4609
8846	4686
8846	4694
8846	4713
8846	5144
8846	5450
8846	5455
8846	5662
8846	5817
8846	6031
8846	6180
8846	6182
8846	6560
8846	6541
8846	6584
8846	6584
8846	6759
8846	6845
8846	7528
8846	7626
8846	7626
8846	7717
8846	7801
8846	8176
8846	8426
8846	8443
8846	8531
8846	8781
8846	8846
8846	8851
8846	8938
8846	9240
8846	9350
8846	9361
8846	9361
8846	9514
8846	9535
8847	892
8894	9361
8925	1289
8925	1309
8925	4296
8925	4297
8925	4299
8931	613
8944	2346
8944	2347
8994	7283
8997	1217
9000	1666
9002	1375
9002	2935
9002	2936
9002	2938
9240	6766
9278	14
9278	413
9278	586
9278	737
9278	1265
9278	1389
9278	1541
9278	1881
9278	1922
9278	2911
9278	3566
9278	5741
9278	6552
9278	7302
9278	7479
9278	7663
9278	8506
9278	8835
9279	14
9279	413
9279	586
9279	663
9279	737
9279	1265
9279	1389
9279	1881
9279	1921
9279	1922
9279	2911
9279	3566
9279	3727
9279	5741
9279	7663
9279	8506
9279	8531
9279	8835
9360	1258
9360	1346
9360	1376
9360	1919
9360	5295
9360	7636
9360	8876
9367	1376
9367	1377
9367	1922
9367	1971
9367	3503
9367	3723
9367	8012
9367	8503
9367	9361
9367	9361
9520	8509
9524	2606
9524	3632
9531	1118
9531	4126
9531	6984
9545	2627
9555	319
9555	1214
9555	1216
9555	1322
9555	1346
9555	1382
9555	1562
9555	1922
9555	2575
9555	2761
9555	4186
9555	6709
9555	6775
9555	7636
9555	8270
9564	8846
9597	413
9597	418
9597	662
9597	1240
9597	1754
9597	1799
9597	1861
9597	1922
9597	2202
9597	2575
9597	2581
9597	2761
9597	2817
9597	3632
9597	5144
9597	5144
9597	5379
9597	5850
9597	5895
9597	6374
9597	8282
9597	8283
9597	8781
9597	8781
9597	8835
9597	8846
9597	8846
9597	9362
9597	9749
9607	2875
9608	805
9608	840
9608	1213
9608	1922
9609	1375
9611	457
9611	1375
9611	4713
9611	8846
9629	1375
9631	2924
9631	5144
9631	5960
9631	6104
9631	7720
9673	813
9673	1346
9673	1346
9674	1346
9674	3941
9674	9370
9687	1375
9687	5139
9688	1919
9688	2470
9688	3503
9688	3503
9688	4244
9688	9361
9689	9361
9710	1213
9742	5862
9744	9370
9745	8597
9763	1346
9765	278
9765	9360
9772	1872
9772	9361
9809	716
9815	4002
9838	7368
9922	1375
9922	5862
226	1376
549	278
549	324
549	805
549	1375
549	1376
549	2396
549	2527
549	2528
549	2529
549	3041
549	3521
549	3522
549	3523
549	3566
549	4259
549	4500
549	5520
549	5896
549	5956
549	5958
549	5972
549	7717
549	8503
549	8571
549	9361
593	1376
593	1380
611	805
611	4686
611	9855
611	8504
611	1779
611	3003
611	5845
611	9361
611	9362
611	5272
611	1375
611	2924
611	6256
611	2925
611	1919
611	5850
611	1210
611	3660
611	3810
611	8773
613	805
613	4686
613	2038
613	8504
613	1779
613	3003
613	5845
613	9361
613	9362
613	5272
613	1375
613	2924
613	6256
613	2925
613	1919
613	5850
616	805
616	4686
616	8504
616	9361
616	9362
616	5272
616	1375
616	2924
616	6256
616	2925
616	1919
616	5850
785	8846
1136	8531
1395	5933
1541	3527
1541	3528
1541	3529
1541	3530
1541	3531
1541	3532
1541	3533
1541	3534
1541	3535
1541	3536
1541	3537
1553	876
1610	836
1610	1822
1610	1823
1610	5932
1610	5933
1610	7060
1794	2924
1794	4002
1794	805
1794	4686
1794	106
1794	1886
1794	3952
1794	5932
1794	5933
1794	9855
1794	8504
1794	1779
1794	3003
1794	5845
1794	9361
1794	9362
1794	5272
1794	1375
1794	6256
1794	2925
1794	1303
1794	3527
1794	3528
1794	3529
1794	3530
1794	3531
1794	3532
1794	3533
1794	3534
1794	3535
1794	3536
1794	3537
1794	1919
1794	5850
1794	6545
1795	2924
1795	4002
1795	805
1795	4686
1795	9855
1795	8504
1795	1779
1795	3003
1795	5845
1795	9361
1795	9362
1795	5272
1795	1375
1795	6256
1795	2925
1795	1919
1795	5850
1795	6545
1796	2924
1796	4002
1796	805
1796	4686
1796	9855
1796	8504
1796	1779
1796	3003
1796	5845
1796	9361
1796	9362
1796	5272
1796	1375
1796	6256
1796	2925
1796	1919
1796	5850
1796	6545
1797	2924
1797	4002
1797	805
1797	4686
1797	9855
1797	8504
1797	1779
1797	3003
1797	5845
1797	9361
1797	9362
1797	5272
1797	1375
1797	6256
1797	2925
1797	1919
1797	5850
1797	6545
1798	2924
1798	4002
1798	805
1798	4686
1798	9855
1798	8504
1798	1779
1798	3003
1798	5845
1798	9361
1798	9362
1798	5272
1798	1375
1798	6256
1798	2925
1798	1919
1798	5850
1798	6545
1799	278
1799	324
1799	805
1799	1375
1799	1376
1799	2396
1799	2527
1799	2528
1799	2529
1799	3041
1799	3521
1799	3522
1799	3523
1799	3566
1799	4259
1799	4500
1799	5520
1799	5896
1799	5956
1799	5958
1799	5972
1799	7717
1799	8503
1799	8571
1799	9361
1799	1779
1799	3003
1799	5845
1820	5845
1820	1779
1820	3003
1872	1217
1872	1218
1872	5144
1872	1794
1872	4002
1872	9361
2344	875
2344	2932
2344	5142
2344	1213
2345	2932
2345	5142
2346	2932
2346	5142
2347	5144
2347	2932
2347	5142
2400	1210
2454	3628
2454	3629
2454	3630
2454	3633
2454	3635
2454	7984
2454	7985
2476	844
2476	845
2476	1217
2476	1218
2476	2400
2476	2924
2476	9526
2476	2401
2476	2926
2478	2924
2478	2400
2478	2401
2478	2926
2549	278
2549	324
2549	805
2549	1375
2549	1376
2549	2396
2549	2527
2549	2528
2549	2529
2549	3041
2549	3521
2549	3522
2549	3523
2549	3566
2549	4259
2549	4500
2549	5520
2549	5896
2549	5956
2549	5958
2549	5972
2549	7717
2549	8503
2549	8571
2549	9361
2549	1779
2549	3003
2549	5845
2627	1362
2627	4904
2627	5969
2627	9361
2627	9362
2627	2400
2627	2401
2627	2924
2627	2926
2627	1919
2628	2400
2628	2401
2628	2924
2628	2926
2924	1362
2924	4904
2924	5969
2924	9361
2924	9362
2924	808
2924	2761
2924	8846
2924	106
2924	1886
2924	3952
2924	5384
2924	1207
2924	1208
2924	1209
2924	1210
2924	1919
2924	3810
2924	8773
2924	3800
2924	3819
2924	8424
2924	1916
2924	5144
2924	6275
2924	1887
2924	3660
2925	106
2925	1886
2925	3952
2925	5384
2925	1363
2925	5396
2925	6847
2925	2924
2926	106
2926	1886
2926	3952
2926	5384
2927	106
2927	1886
2927	3952
2927	5384
2935	2772
2935	5845
2935	621
2935	639
2935	808
2935	813
2935	875
2935	1131
2935	1214
2935	1215
2935	1217
2935	1222
2935	1375
2935	1376
2935	1381
2935	2791
2935	3003
2935	3009
2935	3010
2935	3011
2935	3018
2935	3019
2935	3020
2935	3824
2935	4138
2935	6160
2935	6161
2935	6777
2935	7308
2935	7310
2935	7985
2935	8791
2935	633
2935	1779
2936	808
2936	621
2936	639
2936	813
2936	875
2936	1131
2936	1214
2936	1215
2936	1217
2936	1222
2936	1375
2936	1376
2936	1381
2936	2791
2936	3003
2936	3009
2936	3010
2936	3011
2936	3018
2936	3019
2936	3020
2936	3824
2936	4138
2936	5845
2936	6160
2936	6161
2936	6777
2936	7308
2936	7310
2936	7985
2936	8791
2936	633
2936	3628
2936	3629
2936	3630
2936	3633
2936	3635
2936	7984
2938	621
2938	639
2938	808
2938	813
2938	875
2938	1131
2938	1214
2938	1215
2938	1217
2938	1222
2938	1375
2938	1376
2938	1381
2938	2791
2938	3003
2938	3009
2938	3010
2938	3011
2938	3018
2938	3019
2938	3020
2938	3824
2938	4138
2938	5845
2938	6160
2938	6161
2938	6777
2938	7308
2938	7310
2938	7985
2938	8791
3145	869
3145	3145
3443	2924
3446	4749
3446	4750
3446	4751
3447	4749
3447	4750
3447	4751
3503	5969
3503	7717
3503	8505
3503	8506
3503	9361
3503	9362
3503	278
3503	324
3503	805
3503	1375
3503	1376
3503	2396
3503	2527
3503	2528
3503	2529
3503	3041
3503	3521
3503	3522
3503	3523
3503	3566
3503	4259
3503	4500
3503	5520
3503	5896
3503	5956
3503	5958
3503	5972
3503	8503
3503	8571
3503	875
3503	876
3503	5960
3503	1916
3503	5959
3503	5962
3503	6104
3524	1375
3525	1375
3526	1375
3538	1375
3539	1375
3621	3628
3621	3629
3621	3630
3621	3633
3621	3635
3707	4644
3708	4644
3800	3808
3800	3809
3821	7980
3866	6197
3913	1289
3913	1309
3913	8773
3913	3696
3913	3697
3913	3802
3913	426
3913	427
3913	428
3913	429
3913	918
3913	7322
3913	8954
3915	8773
3915	1207
3915	1210
3915	1919
3915	3810
3916	8773
3916	3696
3916	3697
3916	3802
3918	2419
3918	2420
3918	2421
3918	2422
3918	3696
3918	3697
3918	3916
3918	5131
3918	5639
3918	5640
3918	5641
3918	7245
3918	149
3918	6182
3918	3926
4002	1217
4002	1218
4002	1362
4002	1916
4002	4904
4002	5969
4002	9361
4002	9362
4002	808
4002	2761
4002	8846
4002	106
4002	1886
4002	3952
4002	5384
4002	1207
4002	1208
4002	1209
4002	1210
4002	1919
4002	3810
4002	8773
4002	3800
4002	3819
4002	8424
4002	202
4002	3660
4002	8506
4002	8530
4002	1363
4002	5396
4002	6847
4002	805
4002	1289
4002	1290
4002	1297
4002	2534
4002	2819
4002	3944
4002	8776
4002	9370
4002	5144
4002	6275
4002	1887
4003	106
4003	1886
4003	3952
4003	5384
4004	106
4004	1886
4004	3952
4004	5384
4004	4443
4005	5144
4005	6275
4138	3313
4138	3316
4138	3317
4138	3318
4138	3319
4138	3566
4138	4815
4138	4816
4138	4817
4138	8074
4138	8530
4138	9112
4138	9113
4173	1376
4173	1380
4176	1376
4176	1380
4546	3819
4564	8424
4564	3489
4564	3490
4565	8424
4565	3489
4565	3490
4566	8424
4566	3489
4566	3490
4616	1362
4616	805
4616	2400
4616	3978
4616	1375
4616	2476
4616	2924
4616	4002
4616	4750
4616	6552
4616	4904
4616	9361
4616	9362
4616	1919
4616	3806
4616	3810
4616	8773
4616	6119
4617	1916
4617	3914
4617	7060
4617	1919
4617	3806
4617	3810
4617	8773
4618	1916
4618	3914
4618	7060
4618	1919
4618	3806
4618	3810
4618	8773
4620	1362
4620	805
4620	2400
4620	3978
4620	1375
4620	2476
4620	2924
4620	4002
4620	4750
4620	6552
4620	4904
4620	9361
4620	9362
4620	1919
4620	3806
4620	3810
4620	8773
4620	6119
4622	2476
4622	2924
4622	4002
4622	4750
4622	6552
4623	3810
4623	8773
4623	1919
4623	3806
4625	3810
4625	8773
4625	1919
4625	3806
4662	1362
4662	1368
4662	1561
4662	1562
4749	4138
4750	4138
4751	4138
4759	1376
4759	1380
4894	6103
4895	6103
5110	3914
5110	7060
5144	1362
5144	1368
5144	1561
5144	4904
5144	5969
5144	9361
5144	9362
5144	1217
5144	1562
5144	1919
5144	3155
5144	3521
5144	3522
5144	3523
5144	4259
5144	5962
5144	6104
5144	7666
5144	7717
5148	1916
5148	1919
5148	3810
5148	8773
5210	4443
5286	805
5286	1881
5286	2353
5286	4200
5286	4202
5286	6743
5286	8505
5286	5144
5286	6275
5287	805
5287	1881
5287	2353
5287	4200
5287	4202
5287	6743
5287	8505
5288	805
5288	1881
5288	2353
5288	4200
5288	4202
5288	6743
5288	8505
5288	5144
5288	6275
5384	2667
5384	106
5384	1886
5384	3952
5384	2401
5384	2402
5384	6552
5384	3800
5384	3819
5384	8424
5384	1362
5384	8773
5384	6822
5384	6905
5384	1919
5384	1916
5385	6552
5385	2401
5385	2402
5385	3800
5385	3819
5385	8424
5385	1362
5385	8773
5385	6822
5385	6905
5385	1919
5385	1916
5387	2401
5387	2402
5387	6552
5387	3800
5387	3819
5387	8424
5387	1362
5387	8773
5387	6822
5387	6905
5387	1919
5387	1916
5390	3313
5390	3316
5390	3317
5390	3318
5390	3319
5390	3566
5390	4815
5390	4816
5390	4817
5390	9125
5390	9126
5390	8074
5390	8530
5390	9112
5390	9113
5396	805
5396	807
5396	844
5396	845
5396	1210
5396	1916
5396	5969
5396	6552
5396	7980
5396	8887
5396	8888
5396	8889
5396	8892
5396	8893
5396	8894
5396	9361
5396	9362
5396	9526
5396	3810
5396	8773
5396	806
5396	1208
5396	1209
5396	1467
5396	1919
5396	3019
5396	5397
5396	5398
5396	8776
5396	3503
5396	5139
5396	846
5396	3018
5396	3020
5396	5384
5396	1207
5396	3800
5396	3819
5396	8424
5396	1362
5396	4904
5396	202
5396	3660
5396	8530
5396	1396
5396	1399
5396	3806
5396	3802
5396	3803
5396	1289
5396	1290
5396	1297
5396	2534
5396	2819
5396	3944
5396	9370
5396	1887
5397	805
5397	807
5397	844
5397	845
5397	6552
5397	8887
5397	8888
5397	8889
5397	8892
5397	8893
5397	8894
5397	9526
5397	3660
5397	8794
5397	5384
5397	3802
5397	3803
5397	1289
5397	1290
5397	1297
5397	2534
5397	2819
5397	3944
5397	8776
5397	9370
5407	5500
5407	5501
5409	1303
5409	3527
5409	3528
5409	3529
5409	3530
5409	3531
5409	3532
5409	3533
5409	3534
5409	3535
5409	3536
5409	3537
5410	1303
5410	3527
5410	3528
5410	3529
5410	3530
5410	3531
5410	3532
5410	3533
5410	3534
5410	3535
5410	3536
5410	3537
5411	1303
5411	3527
5411	3528
5411	3529
5411	3530
5411	3531
5411	3532
5411	3533
5411	3534
5411	3535
5411	3536
5411	3537
5500	3489
5500	3490
5500	2575
5501	3489
5501	3490
5501	2575
5527	8079
5527	1362
5527	5144
5531	5272
5531	6256
5824	5272
6058	3503
6059	3503
6060	3503
6063	3503
6182	4005
6182	806
6182	1398
6182	5144
6182	6743
6182	9608
6274	68
6274	75
6274	100
6274	101
6274	110
6274	111
6274	112
6274	113
6274	114
6274	1779
6274	1780
6274	1991
6274	2677
6274	5527
6274	6172
6274	7371
6274	7383
6274	7712
6274	7714
6274	3003
6274	5845
6274	1362
6274	5144
6275	100
6275	101
6275	1779
6275	5905
6275	9155
6393	4138
6393	8035
6393	8036
6394	4138
6394	8035
6394	8036
6395	4138
6395	8035
6395	8036
6396	2408
6396	2409
6396	257
6396	3618
6396	5532
6397	2408
6397	2409
6397	257
6397	3618
6397	5532
6398	4138
6398	8035
6398	8036
6476	5500
6476	5501
6743	4005
6743	806
6743	1398
6743	2318
6743	5144
6743	6743
6743	9608
6772	1376
6772	1380
6777	5144
6816	6538
6816	8424
6816	3489
6816	3490
6816	2819
6816	5144
6816	7284
6847	805
6847	807
6847	844
6847	845
6847	1210
6847	1916
6847	5969
6847	6552
6847	7980
6847	8887
6847	8888
6847	8889
6847	8892
6847	8893
6847	8894
6847	9361
6847	9362
6847	9526
6847	3810
6847	8773
6847	806
6847	1208
6847	1209
6847	1919
6847	3019
6847	5397
6847	5398
6847	8776
6847	3503
6847	875
6847	5139
6847	846
6847	1467
6847	3018
6847	3020
6847	5384
6847	1207
6847	3800
6847	3819
6847	8424
6847	1362
6847	4904
6847	202
6847	3660
6847	8530
6847	1396
6847	1399
6847	3806
6847	3802
6847	3803
6847	1289
6847	1290
6847	1297
6847	2534
6847	2819
6847	3944
6847	9370
6847	1887
6849	3660
6849	8794
6849	5384
6849	3810
6849	807
6849	3802
6849	3803
6849	9526
6849	805
6849	1289
6849	1290
6849	1297
6849	2534
6849	2819
6849	3944
6849	8776
6849	9370
6892	1303
6892	3527
6892	3528
6892	3529
6892	3530
6892	3531
6892	3532
6892	3533
6892	3534
6892	3535
6892	3536
6892	3537
6894	1303
6894	3527
6894	3528
6894	3529
6894	3530
6894	3531
6894	3532
6894	3533
6894	3534
6894	3535
6894	3536
6894	3537
7211	5144
7282	4005
7293	68
7293	75
7293	100
7293	101
7293	110
7293	111
7293	112
7293	113
7293	114
7293	1284
7293	1779
7293	1780
7293	1948
7293	1991
7293	2677
7293	3136
7293	5527
7293	5668
7293	5845
7293	5905
7293	6172
7293	7371
7293	7383
7293	7712
7293	7714
7293	7987
7293	9155
7293	6156
7293	6158
7293	6159
7293	8079
7293	1362
7293	5144
7294	68
7294	75
7294	100
7294	101
7294	110
7294	111
7294	112
7294	113
7294	114
7294	1284
7294	1779
7294	1780
7294	1948
7294	1991
7294	2677
7294	3136
7294	5527
7294	5668
7294	5845
7294	5905
7294	6172
7294	7371
7294	7383
7294	7712
7294	7714
7294	7987
7294	9155
7294	6156
7294	6158
7294	6159
7620	2924
7835	1375
7835	5144
7835	118
7835	1346
7835	8035
7835	8036
7835	7839
7835	3800
7835	7060
7835	5144
7836	1375
7836	5144
7836	118
7836	1346
7836	8035
7836	8036
7836	7839
7836	3800
7836	7060
7836	5144
7837	1375
7837	3666
7837	3667
7837	5144
7837	7839
7837	3800
7837	7060
7838	3666
7838	3667
7991	807
7991	1217
7991	1218
7991	5144
7991	8055
7992	807
7992	1217
7992	1218
7992	5144
7992	8055
7998	876
7998	5272
7998	5144
7998	6275
8037	2400
8037	2401
8037	2924
8037	2926
8037	1258
8037	2821
8037	3945
8079	71
8079	2762
8079	7371
8083	2924
8083	2400
8083	2401
8083	2926
8174	1217
8174	1218
8174	5144
8174	5969
8174	6069
8174	7978
8174	7979
8174	7980
8174	7981
8174	7982
8174	7983
8174	9361
8174	9362
8174	2420
8174	6950
8174	805
8174	807
8174	1375
8174	1551
8174	4686
8174	3800
8174	8424
8174	3907
8174	3527
8174	3528
8174	3529
8174	3530
8174	3531
8174	3532
8174	3533
8174	3534
8174	3535
8174	3536
8174	3537
8174	1541
8174	5148
8174	3926
8174	5131
8174	5642
8174	3916
8174	5639
8174	5640
8174	5641
8175	1217
8175	1218
8175	5144
8175	6069
8175	7978
8175	7979
8175	7980
8175	7981
8175	7982
8175	7983
8175	2420
8175	6950
8175	805
8175	807
8175	1375
8175	1551
8175	4686
8175	5148
8175	3926
8175	5131
8175	5642
8175	3916
8175	5639
8175	5640
8175	5641
8176	1217
8176	1218
8176	1779
8176	5144
8176	5969
8176	6069
8176	6070
8176	7978
8176	7979
8176	7980
8176	7981
8176	7982
8176	7983
8176	9361
8176	9362
8176	3503
8176	2420
8176	6950
8176	4141
8176	805
8176	807
8176	1375
8176	1551
8176	4686
8176	3800
8176	7060
8176	3907
8176	5384
8176	6552
8177	1217
8177	1218
8177	5144
8177	6069
8177	7978
8177	7979
8177	7980
8177	7981
8177	7982
8177	7983
8177	2420
8177	6950
8177	805
8177	807
8177	1375
8177	1551
8177	4686
8177	3800
8177	8424
8178	807
8178	1217
8178	1218
8178	5144
8178	6069
8178	6070
8178	7978
8178	7979
8178	7980
8178	7981
8178	7982
8178	7983
8178	2420
8178	6950
8178	805
8178	1375
8178	1551
8178	4686
8178	3819
8178	3907
8179	807
8179	1217
8179	1218
8179	5144
8179	6069
8179	6070
8179	7978
8179	7979
8179	7980
8179	7981
8179	7982
8179	7983
8179	2420
8179	6950
8179	805
8179	1375
8179	1551
8179	4686
8179	3819
8179	3907
8180	1217
8180	1218
8180	5144
8180	6069
8180	7978
8180	7979
8180	7980
8180	7981
8180	7982
8180	7983
8180	2420
8180	6950
8180	805
8180	807
8180	1375
8180	1551
8180	4686
8180	3819
8424	3800
8440	778
8440	1380
8440	4248
8440	6210
8442	846
8442	1217
8442	1218
8442	2926
8442	4002
8442	5144
8442	6275
8442	733
8442	844
8443	846
8443	1217
8443	1218
8443	2926
8443	4002
8443	5144
8443	6275
8443	733
8443	844
8492	5144
8494	5144
8542	657
8542	1872
8542	5500
8542	5501
8554	1210
8596	5869
8596	8773
8597	5869
8597	8773
8773	3660
8846	778
8846	1221
8846	1222
8846	1306
8846	1375
8846	2034
8846	2410
8846	2761
8846	3018
8846	3019
8846	3020
8846	3347
8846	6180
8846	6296
8846	6541
8846	6830
8846	7234
8846	7235
8846	7500
8846	7501
8846	7502
8846	7528
8846	7582
8846	7591
8846	8183
8846	8531
8846	8781
8846	8851
8846	8999
8846	9716
8846	770
8846	785
8846	1705
8846	6037
8846	7626
8846	876
8846	409
8846	840
8846	7339
8846	7340
8846	1376
8846	6223
9067	8504
9068	8504
9133	1919
9360	7808
9360	659
9484	1376
9484	1380
9488	1376
9488	1380
9524	1395
9608	4005
9608	2318
